"_time","metric_name:outlet.temp.b","Tag"
6/1/19 4:56,64.04296875,1LPS-TE108
6/1/19 9:41,62.84277344,1LPS-TE108
6/1/19 12:21,65.32421875,1LPS-TE108
6/1/19 14:29,69.00976563,1LPS-TE108
6/1/19 17:26,70.10351563,1LPS-TE108
6/2/19 0:46,66.203125,1LPS-TE108
6/2/19 8:38,61.14941406,1LPS-TE108
6/2/19 13:41,63.44433594,1LPS-TE108
6/2/19 15:01,66.66796875,1LPS-TE108
6/2/19 21:31,65.65039063,1LPS-TE108
6/3/19 5:30,60.65234375,1LPS-TE108
6/3/19 7:38,61.12792969,1LPS-TE108
6/3/19 8:48,62.12792969,1LPS-TE108
6/3/19 8:49,66.94335938,1LPS-TE108
6/3/19 8:50,78.359375,1LPS-TE108
6/3/19 8:50,89.6953125,1LPS-TE108
6/3/19 8:50,100.8476563,1LPS-TE108
6/3/19 8:50,147.265625,1LPS-TE108
6/3/19 8:50,170.703125,1LPS-TE108
6/3/19 8:50,181.75,1LPS-TE108
6/3/19 8:51,192.984375,1LPS-TE108
6/3/19 8:51,204.0859375,1LPS-TE108
6/3/19 8:51,215.1875,1LPS-TE108
6/3/19 8:52,223.9101563,1LPS-TE108
6/3/19 9:03,258.375,1LPS-TE108
6/3/19 9:11,280.0078125,1LPS-TE108
6/3/19 9:20,311.1875,1LPS-TE108
6/3/19 9:21,322.3359375,1LPS-TE108
6/3/19 9:23,367.0859375,1LPS-TE108
6/3/19 9:24,400.1796875,1LPS-TE108
6/3/19 9:25,422.3046875,1LPS-TE108
6/3/19 9:26,433.375,1LPS-TE108
6/3/19 9:28,450.1484375,1LPS-TE108
6/3/19 9:33,482.328125,1LPS-TE108
6/3/19 9:35,488.4921875,1LPS-TE108
6/3/19 9:39,496.4921875,1LPS-TE108
6/3/19 9:44,516.578125,1LPS-TE108
6/3/19 9:47,523.765625,1LPS-TE108
6/3/19 9:55,532.78125,1LPS-TE108
6/3/19 10:24,542.125,1LPS-TE108
6/3/19 10:57,547.25,1LPS-TE108
6/3/19 10:59,543.546875,1LPS-TE108
6/3/19 11:03,525.96875,1LPS-TE108
6/3/19 11:19,500.9609375,1LPS-TE108
6/3/19 11:42,475.328125,1LPS-TE108
6/3/19 11:48,471.65625,1LPS-TE108
6/3/19 11:49,464.953125,1LPS-TE108
6/3/19 11:52,478.234375,1LPS-TE108
6/3/19 11:54,481.28125,1LPS-TE108
6/3/19 11:59,507.546875,1LPS-TE108
6/3/19 12:02,516.96875,1LPS-TE108
6/3/19 12:10,527.453125,1LPS-TE108
6/3/19 12:15,537.296875,1LPS-TE108
6/3/19 12:34,546.890625,1LPS-TE108
6/3/19 13:20,552.53125,1LPS-TE108
6/3/19 13:27,560.1875,1LPS-TE108
6/3/19 13:30,559.546875,1LPS-TE108
6/3/19 13:34,547.921875,1LPS-TE108
6/3/19 13:40,540.953125,1LPS-TE108
6/3/19 13:46,533.140625,1LPS-TE108
6/3/19 13:47,534.484375,1LPS-TE108
6/3/19 13:49,551.375,1LPS-TE108
6/3/19 13:50,557.265625,1LPS-TE108
6/3/19 13:52,560.40625,1LPS-TE108
6/3/19 13:53,559.171875,1LPS-TE108
6/3/19 13:56,545.453125,1LPS-TE108
6/3/19 13:58,541,1LPS-TE108
6/3/19 14:20,534.203125,1LPS-TE108
6/3/19 14:27,535.375,1LPS-TE108
6/3/19 14:31,552.140625,1LPS-TE108
6/3/19 14:34,557.625,1LPS-TE108
6/3/19 14:41,563.5625,1LPS-TE108
6/3/19 14:44,565.203125,1LPS-TE108
6/3/19 14:51,569,1LPS-TE108
6/3/19 15:00,572.140625,1LPS-TE108
6/3/19 15:10,580.28125,1LPS-TE108
6/3/19 15:27,587.640625,1LPS-TE108
6/3/19 15:48,588.796875,1LPS-TE108
6/3/19 18:59,589.640625,1LPS-TE108
6/3/19 22:34,590.953125,1LPS-TE108
6/3/19 23:33,590.125,1LPS-TE108
6/3/19 23:44,589.171875,1LPS-TE108
6/3/19 23:48,584.21875,1LPS-TE108
6/3/19 23:52,576.890625,1LPS-TE108
6/3/19 23:56,575.921875,1LPS-TE108
6/4/19 0:00,575.140625,1LPS-TE108
6/4/19 0:24,589.296875,1LPS-TE108
6/4/19 0:50,592.234375,1LPS-TE108
6/4/19 1:03,590.8125,1LPS-TE108
6/4/19 1:24,583.46875,1LPS-TE108
6/4/19 2:19,581.4375,1LPS-TE108
6/4/19 2:43,580.421875,1LPS-TE108
6/4/19 2:57,578.8125,1LPS-TE108
6/4/19 4:16,581.171875,1LPS-TE108
6/4/19 5:01,581.984375,1LPS-TE108
6/4/19 5:10,587.875,1LPS-TE108
6/4/19 5:31,591.71875,1LPS-TE108
6/4/19 6:55,593.171875,1LPS-TE108
6/4/19 7:02,602.53125,1LPS-TE108
6/4/19 7:17,596.9375,1LPS-TE108
6/4/19 7:24,593.28125,1LPS-TE108
6/4/19 8:46,593.03125,1LPS-TE108
6/4/19 9:19,595.15625,1LPS-TE108
6/4/19 9:20,592.484375,1LPS-TE108
6/4/19 9:21,583.453125,1LPS-TE108
6/4/19 9:32,590.890625,1LPS-TE108
6/4/19 9:52,592.421875,1LPS-TE108
6/4/19 14:41,589.640625,1LPS-TE108
6/4/19 14:51,590.796875,1LPS-TE108
6/4/19 14:56,602.8125,1LPS-TE108
6/4/19 15:01,616.8125,1LPS-TE108
6/4/19 15:12,637.796875,1LPS-TE108
6/4/19 15:26,648.375,1LPS-TE108
6/4/19 16:14,661.890625,1LPS-TE108
6/4/19 17:09,665.8125,1LPS-TE108
6/4/19 20:56,666.4375,1LPS-TE108
6/4/19 20:59,659.453125,1LPS-TE108
6/4/19 21:09,620.96875,1LPS-TE108
6/4/19 21:14,600.234375,1LPS-TE108
6/4/19 21:19,596.1875,1LPS-TE108
6/4/19 22:19,593.96875,1LPS-TE108
6/4/19 23:02,593.34375,1LPS-TE108
6/4/19 23:13,587.65625,1LPS-TE108
6/4/19 23:32,583.65625,1LPS-TE108
6/4/19 23:52,581.421875,1LPS-TE108
6/4/19 23:57,572.390625,1LPS-TE108
6/5/19 0:00,571.375,1LPS-TE108
6/5/19 0:06,559.046875,1LPS-TE108
6/5/19 0:08,556.703125,1LPS-TE108
6/5/19 0:10,556.9375,1LPS-TE108
6/5/19 0:13,547.203125,1LPS-TE108
6/5/19 0:19,537.890625,1LPS-TE108
6/5/19 0:23,525.90625,1LPS-TE108
6/5/19 0:31,514.03125,1LPS-TE108
6/5/19 0:51,499.78125,1LPS-TE108
6/5/19 1:55,461.9296875,1LPS-TE108
6/5/19 3:53,403.9140625,1LPS-TE108
6/5/19 3:54,404.9921875,1LPS-TE108
6/5/19 3:58,399.859375,1LPS-TE108
6/5/19 4:06,395.28125,1LPS-TE108
6/5/19 4:10,395.8046875,1LPS-TE108
6/5/19 4:11,390.15625,1LPS-TE108
6/5/19 4:11,379.0078125,1LPS-TE108
6/5/19 4:11,367.859375,1LPS-TE108
6/5/19 4:12,356.4609375,1LPS-TE108
6/5/19 4:12,333.953125,1LPS-TE108
6/5/19 4:12,322.859375,1LPS-TE108
6/5/19 4:13,311.859375,1LPS-TE108
6/5/19 4:14,309.3515625,1LPS-TE108
6/5/19 4:19,308.921875,1LPS-TE108
6/5/19 4:20,311.0390625,1LPS-TE108
6/5/19 4:20,322.046875,1LPS-TE108
6/5/19 4:21,333.1875,1LPS-TE108
6/5/19 4:22,355.515625,1LPS-TE108
6/5/19 4:23,388.765625,1LPS-TE108
6/5/19 4:24,410.8203125,1LPS-TE108
6/5/19 4:25,433.125,1LPS-TE108
6/5/19 4:27,455.2578125,1LPS-TE108
6/5/19 4:29,472.8828125,1LPS-TE108
6/5/19 4:33,494.2890625,1LPS-TE108
6/5/19 4:39,526.015625,1LPS-TE108
6/5/19 4:41,532.734375,1LPS-TE108
6/5/19 4:45,533.3125,1LPS-TE108
6/5/19 4:49,521.046875,1LPS-TE108
6/5/19 4:51,521.78125,1LPS-TE108
6/5/19 4:55,528.46875,1LPS-TE108
6/5/19 4:57,525.0625,1LPS-TE108
6/5/19 5:00,516.640625,1LPS-TE108
6/5/19 5:03,513.234375,1LPS-TE108
6/5/19 5:04,514.375,1LPS-TE108
6/5/19 5:05,520.375,1LPS-TE108
6/5/19 5:07,536.78125,1LPS-TE108
6/5/19 5:09,544.609375,1LPS-TE108
6/5/19 5:11,544.828125,1LPS-TE108
6/5/19 5:15,535.265625,1LPS-TE108
6/5/19 5:24,531.390625,1LPS-TE108
6/5/19 5:27,526.78125,1LPS-TE108
6/5/19 5:28,527.328125,1LPS-TE108
6/5/19 5:31,542.28125,1LPS-TE108
6/5/19 5:33,544,1LPS-TE108
6/5/19 5:38,534.90625,1LPS-TE108
6/5/19 5:41,537.453125,1LPS-TE108
6/5/19 6:00,537.5,1LPS-TE108
6/5/19 6:02,541.65625,1LPS-TE108
6/5/19 6:04,549.78125,1LPS-TE108
6/5/19 6:06,550.734375,1LPS-TE108
6/5/19 6:10,544.90625,1LPS-TE108
6/5/19 6:14,548.8125,1LPS-TE108
6/5/19 6:16,548.21875,1LPS-TE108
6/5/19 6:20,538.96875,1LPS-TE108
6/5/19 6:34,537.71875,1LPS-TE108
6/5/19 7:09,532.484375,1LPS-TE108
6/5/19 7:15,525.046875,1LPS-TE108
6/5/19 7:24,521.125,1LPS-TE108
6/5/19 7:28,526.78125,1LPS-TE108
6/5/19 7:45,530.484375,1LPS-TE108
6/5/19 7:46,533.984375,1LPS-TE108
6/5/19 7:49,559.421875,1LPS-TE108
6/5/19 7:50,564.265625,1LPS-TE108
6/5/19 7:56,558.6875,1LPS-TE108
6/5/19 7:58,555.421875,1LPS-TE108
6/5/19 7:59,555.609375,1LPS-TE108
6/5/19 8:13,577.3125,1LPS-TE108
6/5/19 8:26,587.4375,1LPS-TE108
6/5/19 8:44,591.59375,1LPS-TE108
6/5/19 9:56,593.59375,1LPS-TE108
6/5/19 10:02,605.875,1LPS-TE108
6/5/19 10:07,611.4375,1LPS-TE108
6/5/19 10:17,633.328125,1LPS-TE108
6/5/19 10:26,644.921875,1LPS-TE108
6/5/19 10:38,650.6875,1LPS-TE108
6/5/19 11:12,654.421875,1LPS-TE108
6/5/19 12:55,654.953125,1LPS-TE108
6/5/19 16:16,656.234375,1LPS-TE108
6/5/19 18:35,656.96875,1LPS-TE108
6/5/19 19:18,667.015625,1LPS-TE108
6/5/19 20:18,667.734375,1LPS-TE108
6/5/19 21:10,664.9375,1LPS-TE108
6/5/19 22:34,663.8125,1LPS-TE108
6/5/19 23:04,661.953125,1LPS-TE108
6/5/19 23:06,654.3125,1LPS-TE108
6/5/19 23:12,627.140625,1LPS-TE108
6/5/19 23:17,608.8125,1LPS-TE108
6/5/19 23:20,595.65625,1LPS-TE108
6/5/19 23:23,583.234375,1LPS-TE108
6/5/19 23:26,570.59375,1LPS-TE108
6/5/19 23:28,570.046875,1LPS-TE108
6/5/19 23:36,575.015625,1LPS-TE108
6/5/19 23:47,573.8125,1LPS-TE108
6/6/19 0:29,571.5,1LPS-TE108
6/6/19 0:38,570.28125,1LPS-TE108
6/6/19 0:43,569.25,1LPS-TE108
6/6/19 1:00,573.03125,1LPS-TE108
6/6/19 1:12,572.515625,1LPS-TE108
6/6/19 1:18,569.140625,1LPS-TE108
6/6/19 1:26,570.046875,1LPS-TE108
6/6/19 2:01,571.328125,1LPS-TE108
6/6/19 2:16,573.546875,1LPS-TE108
6/6/19 2:32,571.234375,1LPS-TE108
6/6/19 2:39,572.5625,1LPS-TE108
6/6/19 3:00,570.265625,1LPS-TE108
6/6/19 3:04,560.703125,1LPS-TE108
6/6/19 3:09,564.203125,1LPS-TE108
6/6/19 3:16,576.28125,1LPS-TE108
6/6/19 3:20,574.921875,1LPS-TE108
6/6/19 3:25,565.84375,1LPS-TE108
6/6/19 3:29,567.34375,1LPS-TE108
6/6/19 3:36,575.375,1LPS-TE108
6/6/19 3:38,574.015625,1LPS-TE108
6/6/19 3:41,568.953125,1LPS-TE108
6/6/19 3:52,566.828125,1LPS-TE108
6/6/19 3:55,567.15625,1LPS-TE108
6/6/19 4:00,552.265625,1LPS-TE108
6/6/19 4:04,549.921875,1LPS-TE108
6/6/19 4:06,547.53125,1LPS-TE108
6/6/19 4:08,554.4375,1LPS-TE108
6/6/19 4:11,554.09375,1LPS-TE108
6/6/19 4:16,550.609375,1LPS-TE108
6/6/19 4:17,548.4375,1LPS-TE108
6/6/19 4:18,539.25,1LPS-TE108
6/6/19 4:20,531.953125,1LPS-TE108
6/6/19 4:24,525.296875,1LPS-TE108
6/6/19 4:27,521.859375,1LPS-TE108
6/6/19 4:29,515.828125,1LPS-TE108
6/6/19 4:32,497.1796875,1LPS-TE108
6/6/19 4:33,493.1953125,1LPS-TE108
6/6/19 4:37,465.96875,1LPS-TE108
6/6/19 4:38,461.5234375,1LPS-TE108
6/6/19 4:39,453.6328125,1LPS-TE108
6/6/19 4:41,447.8671875,1LPS-TE108
6/6/19 4:45,445.0078125,1LPS-TE108
6/6/19 4:46,449.375,1LPS-TE108
6/6/19 4:50,479.5078125,1LPS-TE108
6/6/19 4:52,487.140625,1LPS-TE108
6/6/19 4:53,484.5859375,1LPS-TE108
6/6/19 4:55,474.53125,1LPS-TE108
6/6/19 4:56,474.796875,1LPS-TE108
6/6/19 4:58,483.6328125,1LPS-TE108
6/6/19 4:59,485.4765625,1LPS-TE108
6/6/19 5:00,481.2265625,1LPS-TE108
6/6/19 5:02,463.2109375,1LPS-TE108
6/6/19 5:04,460.6796875,1LPS-TE108
6/6/19 5:18,461.6640625,1LPS-TE108
6/6/19 5:20,457.65625,1LPS-TE108
6/6/19 5:23,463.46875,1LPS-TE108
6/6/19 5:24,467.3671875,1LPS-TE108
6/6/19 5:25,464.9765625,1LPS-TE108
6/6/19 5:28,452.1015625,1LPS-TE108
6/6/19 5:34,437.9453125,1LPS-TE108
6/6/19 5:40,434.4609375,1LPS-TE108
6/6/19 5:46,424.6640625,1LPS-TE108
6/6/19 6:00,411.9921875,1LPS-TE108
6/6/19 6:23,400.2734375,1LPS-TE108
6/6/19 6:54,383.2734375,1LPS-TE108
6/6/19 7:36,369.109375,1LPS-TE108
6/6/19 8:25,346.828125,1LPS-TE108
6/6/19 9:58,313.828125,1LPS-TE108
6/6/19 12:34,264.984375,1LPS-TE108
6/6/19 13:48,244.7695313,1LPS-TE108
6/6/19 14:40,230.28125,1LPS-TE108
6/6/19 15:16,221.8867188,1LPS-TE108
6/6/19 15:26,219.78125,1LPS-TE108
6/6/19 15:30,213.8632813,1LPS-TE108
6/6/19 20:45,211.8398438,1LPS-TE108
6/7/19 1:22,201.9414063,1LPS-TE108
6/7/19 9:14,183.4335938,1LPS-TE108
6/7/19 12:10,176.7734375,1LPS-TE108
6/7/19 14:53,174.6484375,1LPS-TE108
6/7/19 20:48,161.1210938,1LPS-TE108
6/7/19 23:51,148.6640625,1LPS-TE108
6/8/19 3:52,126.7207031,1LPS-TE108
6/8/19 9:40,105.828125,1LPS-TE108
6/8/19 13:37,98.98046875,1LPS-TE108
6/8/19 15:43,97.421875,1LPS-TE108
6/8/19 23:37,82.35546875,1LPS-TE108
6/9/19 4:21,75.00195313,1LPS-TE108
6/9/19 4:48,76.33398438,1LPS-TE108
6/9/19 5:06,73.69140625,1LPS-TE108
6/9/19 5:14,73.44726563,1LPS-TE108
6/9/19 5:15,76.83398438,1LPS-TE108
6/9/19 5:15,88.09960938,1LPS-TE108
6/9/19 5:16,99.86132813,1LPS-TE108
6/9/19 5:16,111.7226563,1LPS-TE108
6/9/19 5:16,123.5214844,1LPS-TE108
6/9/19 5:16,135.2734375,1LPS-TE108
6/9/19 5:16,146.2773438,1LPS-TE108
6/9/19 5:16,181.3945313,1LPS-TE108
6/9/19 5:16,192.8164063,1LPS-TE108
6/9/19 5:16,203.8554688,1LPS-TE108
6/9/19 5:16,214.9570313,1LPS-TE108
6/9/19 5:17,225.9609375,1LPS-TE108
6/9/19 5:18,229.59375,1LPS-TE108
6/9/19 5:28,233.71875,1LPS-TE108
6/9/19 5:30,231.6015625,1LPS-TE108
6/9/19 5:34,237.5195313,1LPS-TE108
6/9/19 5:39,254.4726563,1LPS-TE108
6/9/19 5:40,256.4375,1LPS-TE108
6/9/19 5:42,265.8828125,1LPS-TE108
6/9/19 5:54,294.65625,1LPS-TE108
6/9/19 6:03,311.78125,1LPS-TE108
6/9/19 6:07,323.3046875,1LPS-TE108
6/9/19 6:08,324.1953125,1LPS-TE108
6/9/19 6:10,318.625,1LPS-TE108
6/9/19 6:10,329.7734375,1LPS-TE108
6/9/19 6:11,318.59375,1LPS-TE108
6/9/19 6:12,310.390625,1LPS-TE108
6/9/19 6:13,312,1LPS-TE108
6/9/19 6:15,367.4921875,1LPS-TE108
6/9/19 6:16,400.71875,1LPS-TE108
6/9/19 6:17,422.78125,1LPS-TE108
6/9/19 6:18,433.859375,1LPS-TE108
6/9/19 6:19,444.875,1LPS-TE108
6/9/19 6:20,452.25,1LPS-TE108
6/9/19 6:25,471.328125,1LPS-TE108
6/9/19 6:31,503.7890625,1LPS-TE108
6/9/19 6:35,518.65625,1LPS-TE108
6/9/19 6:40,528.546875,1LPS-TE108
6/9/19 6:50,537.921875,1LPS-TE108
6/9/19 7:00,542.75,1LPS-TE108
6/9/19 7:07,555.21875,1LPS-TE108
6/9/19 7:09,554.109375,1LPS-TE108
6/9/19 7:13,540.3125,1LPS-TE108
6/9/19 7:19,533.75,1LPS-TE108
6/9/19 7:38,525.84375,1LPS-TE108
6/9/19 7:39,530.6875,1LPS-TE108
6/9/19 7:40,540.484375,1LPS-TE108
6/9/19 7:41,542.359375,1LPS-TE108
6/9/19 7:46,533.234375,1LPS-TE108
6/9/19 7:53,524.40625,1LPS-TE108
6/9/19 7:55,523.40625,1LPS-TE108
6/9/19 7:56,531.5,1LPS-TE108
6/9/19 7:57,536.484375,1LPS-TE108
6/9/19 8:02,542.171875,1LPS-TE108
6/9/19 8:08,544.484375,1LPS-TE108
6/9/19 8:13,533.25,1LPS-TE108
6/9/19 8:16,530.71875,1LPS-TE108
6/9/19 8:18,535.875,1LPS-TE108
6/9/19 8:22,535.6875,1LPS-TE108
6/9/19 8:30,534.0625,1LPS-TE108
6/9/19 8:40,531.78125,1LPS-TE108
6/9/19 8:53,531.515625,1LPS-TE108
6/9/19 9:02,530.703125,1LPS-TE108
6/9/19 9:14,530.140625,1LPS-TE108
6/9/19 9:23,533.53125,1LPS-TE108
6/9/19 9:34,535.546875,1LPS-TE108
6/9/19 9:44,539.609375,1LPS-TE108
6/9/19 10:01,546.390625,1LPS-TE108
6/9/19 10:03,543.484375,1LPS-TE108
6/9/19 10:04,540.09375,1LPS-TE108
6/9/19 10:06,542.546875,1LPS-TE108
6/9/19 10:09,542.125,1LPS-TE108
6/9/19 10:12,537.796875,1LPS-TE108
6/9/19 10:15,540.109375,1LPS-TE108
6/9/19 10:29,535.046875,1LPS-TE108
6/9/19 10:47,533.125,1LPS-TE108
6/9/19 11:01,531.59375,1LPS-TE108
6/9/19 11:12,533.046875,1LPS-TE108
6/9/19 11:32,536.203125,1LPS-TE108
6/9/19 11:36,533.609375,1LPS-TE108
6/9/19 11:41,533.921875,1LPS-TE108
6/9/19 11:51,535.734375,1LPS-TE108
6/9/19 12:03,547.703125,1LPS-TE108
6/9/19 12:15,571.109375,1LPS-TE108
6/9/19 12:26,583.0625,1LPS-TE108
6/9/19 12:42,588.34375,1LPS-TE108
6/9/19 13:05,589.640625,1LPS-TE108
6/9/19 15:52,589.015625,1LPS-TE108
6/9/19 15:55,592.234375,1LPS-TE108
6/9/19 16:02,617.984375,1LPS-TE108
6/9/19 16:08,628.53125,1LPS-TE108
6/9/19 16:19,648.421875,1LPS-TE108
6/9/19 16:29,657.25,1LPS-TE108
6/9/19 16:45,662.359375,1LPS-TE108
6/9/19 17:25,664.109375,1LPS-TE108
6/9/19 20:46,667.09375,1LPS-TE108
6/9/19 23:36,667.625,1LPS-TE108
6/9/19 23:37,666.609375,1LPS-TE108
6/9/19 23:38,662.375,1LPS-TE108
6/9/19 23:39,651.359375,1LPS-TE108
6/9/19 23:40,629.34375,1LPS-TE108
6/9/19 23:41,618.25,1LPS-TE108
6/9/19 23:42,596.09375,1LPS-TE108
6/9/19 23:42,585,1LPS-TE108
6/9/19 23:46,593.484375,1LPS-TE108
6/9/19 23:50,594.765625,1LPS-TE108
6/9/19 23:55,587.6875,1LPS-TE108
6/9/19 23:58,578.4375,1LPS-TE108
6/9/19 23:59,572.734375,1LPS-TE108
6/10/19 0:02,568.46875,1LPS-TE108
6/10/19 0:08,570.828125,1LPS-TE108
6/10/19 0:10,572.8125,1LPS-TE108
6/10/19 0:19,570.359375,1LPS-TE108
6/10/19 0:48,569.96875,1LPS-TE108
6/10/19 0:59,571.6875,1LPS-TE108
6/10/19 1:08,571.578125,1LPS-TE108
6/10/19 1:22,571.484375,1LPS-TE108
6/10/19 1:52,570.21875,1LPS-TE108
6/10/19 2:06,573.265625,1LPS-TE108
6/10/19 2:12,572.78125,1LPS-TE108
6/10/19 2:13,571.15625,1LPS-TE108
6/10/19 2:37,568.4375,1LPS-TE108
6/10/19 2:42,569.734375,1LPS-TE108
6/10/19 3:00,570.765625,1LPS-TE108
6/10/19 3:29,568.96875,1LPS-TE108
6/10/19 3:52,572.078125,1LPS-TE108
6/10/19 4:09,571.34375,1LPS-TE108
6/10/19 4:16,569.890625,1LPS-TE108
6/10/19 4:24,572.265625,1LPS-TE108
6/10/19 4:40,570.796875,1LPS-TE108
6/10/19 4:58,569.171875,1LPS-TE108
6/10/19 5:20,571.484375,1LPS-TE108
6/10/19 5:33,572.234375,1LPS-TE108
6/10/19 5:35,569.9375,1LPS-TE108
6/10/19 5:49,572.90625,1LPS-TE108
6/10/19 6:06,571.765625,1LPS-TE108
6/10/19 6:22,568.515625,1LPS-TE108
6/10/19 6:26,567.71875,1LPS-TE108
6/10/19 6:47,570.421875,1LPS-TE108
6/10/19 6:49,576.25,1LPS-TE108
6/10/19 6:55,610.09375,1LPS-TE108
6/10/19 6:57,616.21875,1LPS-TE108
6/10/19 7:00,621.390625,1LPS-TE108
6/10/19 7:07,638.796875,1LPS-TE108
6/10/19 7:16,652.734375,1LPS-TE108
6/10/19 7:23,657.0625,1LPS-TE108
6/10/19 7:37,662.953125,1LPS-TE108
6/10/19 8:21,666.390625,1LPS-TE108
6/10/19 11:04,668.34375,1LPS-TE108
6/10/19 14:09,664.546875,1LPS-TE108
6/10/19 15:15,665.328125,1LPS-TE108
6/10/19 16:10,663.921875,1LPS-TE108
6/10/19 18:07,664.984375,1LPS-TE108
6/10/19 22:42,667.625,1LPS-TE108
6/10/19 22:43,665.21875,1LPS-TE108
6/10/19 22:46,649.28125,1LPS-TE108
6/10/19 22:53,626.734375,1LPS-TE108
6/10/19 23:01,588,1LPS-TE108
6/10/19 23:03,575.125,1LPS-TE108
6/10/19 23:05,568.6875,1LPS-TE108
6/10/19 23:09,568.046875,1LPS-TE108
6/10/19 23:14,571.953125,1LPS-TE108
6/10/19 23:19,570.5625,1LPS-TE108
6/10/19 23:26,574.75,1LPS-TE108
6/10/19 23:36,571.1875,1LPS-TE108
6/10/19 23:53,567.890625,1LPS-TE108
6/11/19 0:05,570.3125,1LPS-TE108
6/11/19 0:21,570.546875,1LPS-TE108
6/11/19 0:24,568.578125,1LPS-TE108
6/11/19 0:40,572.046875,1LPS-TE108
6/11/19 1:06,572.125,1LPS-TE108
6/11/19 1:17,569.875,1LPS-TE108
6/11/19 1:27,570.40625,1LPS-TE108
6/11/19 1:30,567.96875,1LPS-TE108
6/11/19 1:47,569.796875,1LPS-TE108
6/11/19 2:05,571.5,1LPS-TE108
6/11/19 2:24,571.96875,1LPS-TE108
6/11/19 2:44,569.296875,1LPS-TE108
6/11/19 2:51,572.375,1LPS-TE108
6/11/19 3:07,571.96875,1LPS-TE108
6/11/19 3:14,569.359375,1LPS-TE108
6/11/19 3:31,569.921875,1LPS-TE108
6/11/19 3:33,567.515625,1LPS-TE108
6/11/19 3:45,569.03125,1LPS-TE108
6/11/19 4:16,570.265625,1LPS-TE108
6/11/19 4:36,569.421875,1LPS-TE108
6/11/19 4:54,569.546875,1LPS-TE108
6/11/19 5:22,570.953125,1LPS-TE108
6/11/19 5:41,569.625,1LPS-TE108
6/11/19 6:04,568.421875,1LPS-TE108
6/11/19 6:29,572.609375,1LPS-TE108
6/11/19 6:34,570.59375,1LPS-TE108
6/11/19 6:36,568.953125,1LPS-TE108
6/11/19 6:40,557.546875,1LPS-TE108
6/11/19 6:50,567.953125,1LPS-TE108
6/11/19 7:01,570.21875,1LPS-TE108
6/11/19 7:28,572.40625,1LPS-TE108
6/11/19 7:40,571.40625,1LPS-TE108
6/11/19 7:43,569.484375,1LPS-TE108
6/11/19 8:03,571.234375,1LPS-TE108
6/11/19 8:06,576.859375,1LPS-TE108
6/11/19 8:14,606.796875,1LPS-TE108
6/11/19 8:27,637.96875,1LPS-TE108
6/11/19 8:36,649.796875,1LPS-TE108
6/11/19 8:48,657.078125,1LPS-TE108
6/11/19 9:15,662.484375,1LPS-TE108
6/11/19 11:54,663.25,1LPS-TE108
6/11/19 16:51,659.359375,1LPS-TE108
6/11/19 19:20,660.640625,1LPS-TE108
6/11/19 21:20,663.21875,1LPS-TE108
6/11/19 23:51,664.09375,1LPS-TE108
6/11/19 23:53,657.046875,1LPS-TE108
6/11/19 23:55,646.109375,1LPS-TE108
6/12/19 0:00,630.546875,1LPS-TE108
6/12/19 0:02,620.71875,1LPS-TE108
6/12/19 0:04,602.296875,1LPS-TE108
6/12/19 0:05,580.140625,1LPS-TE108
6/12/19 0:07,559.859375,1LPS-TE108
6/12/19 0:08,553.890625,1LPS-TE108
6/12/19 0:12,544.25,1LPS-TE108
6/12/19 0:19,546.875,1LPS-TE108
6/12/19 0:28,531.84375,1LPS-TE108
6/12/19 0:33,527.4375,1LPS-TE108
6/12/19 0:40,528.46875,1LPS-TE108
6/12/19 0:45,528.15625,1LPS-TE108
6/12/19 1:06,526.59375,1LPS-TE108
6/12/19 1:10,525.53125,1LPS-TE108
6/12/19 1:11,527,1LPS-TE108
6/12/19 1:17,527.796875,1LPS-TE108
6/12/19 1:20,530.890625,1LPS-TE108
6/12/19 1:27,529.75,1LPS-TE108
6/12/19 1:32,531.671875,1LPS-TE108
6/12/19 1:44,528.328125,1LPS-TE108
6/12/19 1:54,532.609375,1LPS-TE108
6/12/19 2:05,530.046875,1LPS-TE108
6/12/19 2:13,530.328125,1LPS-TE108
6/12/19 2:22,531.9375,1LPS-TE108
6/12/19 2:23,533.4375,1LPS-TE108
6/12/19 2:27,532.890625,1LPS-TE108
6/12/19 2:29,533.640625,1LPS-TE108
6/12/19 2:42,530.09375,1LPS-TE108
6/12/19 2:54,529.140625,1LPS-TE108
6/12/19 2:59,531.875,1LPS-TE108
6/12/19 3:21,532.96875,1LPS-TE108
6/12/19 3:25,530.875,1LPS-TE108
6/12/19 3:34,532.53125,1LPS-TE108
6/12/19 3:41,528.90625,1LPS-TE108
6/12/19 3:46,529.03125,1LPS-TE108
6/12/19 3:58,527.890625,1LPS-TE108
6/12/19 4:04,529.3125,1LPS-TE108
6/12/19 4:12,527.703125,1LPS-TE108
6/12/19 4:17,528.859375,1LPS-TE108
6/12/19 4:26,528.125,1LPS-TE108
6/12/19 4:32,526.890625,1LPS-TE108
6/12/19 4:41,526.4375,1LPS-TE108
6/12/19 4:46,529.59375,1LPS-TE108
6/12/19 4:54,530.453125,1LPS-TE108
6/12/19 4:57,531.703125,1LPS-TE108
6/12/19 5:06,530.796875,1LPS-TE108
6/12/19 5:08,527.890625,1LPS-TE108
6/12/19 5:18,528.90625,1LPS-TE108
6/12/19 5:25,527.625,1LPS-TE108
6/12/19 5:29,530.140625,1LPS-TE108
6/12/19 5:42,527.875,1LPS-TE108
6/12/19 5:52,529.390625,1LPS-TE108
6/12/19 5:54,527.046875,1LPS-TE108
6/12/19 5:58,528.5,1LPS-TE108
6/12/19 6:01,527.90625,1LPS-TE108
6/12/19 6:07,528.015625,1LPS-TE108
6/12/19 6:10,529.796875,1LPS-TE108
6/12/19 6:11,529.046875,1LPS-TE108
6/12/19 6:12,531.015625,1LPS-TE108
6/12/19 6:22,530.484375,1LPS-TE108
6/12/19 6:28,528.90625,1LPS-TE108
6/12/19 6:35,530.796875,1LPS-TE108
6/12/19 6:40,529.453125,1LPS-TE108
6/12/19 6:45,532.75,1LPS-TE108
6/12/19 6:49,530.15625,1LPS-TE108
6/12/19 6:50,534.59375,1LPS-TE108
6/12/19 6:55,570.9375,1LPS-TE108
6/12/19 6:59,595.234375,1LPS-TE108
6/12/19 7:02,604.140625,1LPS-TE108
6/12/19 7:05,611.59375,1LPS-TE108
6/12/19 7:09,626.359375,1LPS-TE108
6/12/19 7:17,643.078125,1LPS-TE108
6/12/19 7:27,654.265625,1LPS-TE108
6/12/19 7:37,659.9375,1LPS-TE108
6/12/19 8:07,664.40625,1LPS-TE108
6/12/19 12:15,664.65625,1LPS-TE108
6/12/19 14:40,660.5625,1LPS-TE108
6/12/19 16:25,659.5625,1LPS-TE108
6/12/19 23:53,664.703125,1LPS-TE108
6/12/19 23:54,663.953125,1LPS-TE108
6/12/19 23:56,655.4375,1LPS-TE108
6/12/19 23:58,644.640625,1LPS-TE108
6/13/19 0:11,590.75,1LPS-TE108
6/13/19 0:17,572.046875,1LPS-TE108
6/13/19 0:23,567.484375,1LPS-TE108
6/13/19 0:33,564.875,1LPS-TE108
6/13/19 0:41,571.21875,1LPS-TE108
6/13/19 0:52,572.34375,1LPS-TE108
6/13/19 1:09,571.484375,1LPS-TE108
6/13/19 1:29,570.96875,1LPS-TE108
6/13/19 1:50,572.03125,1LPS-TE108
6/13/19 2:11,570.625,1LPS-TE108
6/13/19 2:34,569.890625,1LPS-TE108
6/13/19 2:42,570.453125,1LPS-TE108
6/13/19 3:27,570.3125,1LPS-TE108
6/13/19 3:31,572.140625,1LPS-TE108
6/13/19 4:02,572.5,1LPS-TE108
6/13/19 4:04,570.96875,1LPS-TE108
6/13/19 4:15,572.375,1LPS-TE108
6/13/19 4:18,570.578125,1LPS-TE108
6/13/19 4:39,570.671875,1LPS-TE108
6/13/19 4:49,571.28125,1LPS-TE108
6/13/19 5:29,571.859375,1LPS-TE108
6/13/19 5:33,571.109375,1LPS-TE108
6/13/19 5:45,570.25,1LPS-TE108
6/13/19 5:52,569.328125,1LPS-TE108
6/13/19 6:01,570.703125,1LPS-TE108
6/13/19 6:16,569.453125,1LPS-TE108
6/13/19 6:17,567.359375,1LPS-TE108
6/13/19 6:19,560.046875,1LPS-TE108
6/13/19 6:24,561.515625,1LPS-TE108
6/13/19 6:30,574.171875,1LPS-TE108
6/13/19 6:34,573.171875,1LPS-TE108
6/13/19 6:36,567.296875,1LPS-TE108
6/13/19 6:38,556.75,1LPS-TE108
6/13/19 6:40,553.78125,1LPS-TE108
6/13/19 6:45,559.6875,1LPS-TE108
6/13/19 6:51,575.640625,1LPS-TE108
6/13/19 6:57,603.484375,1LPS-TE108
6/13/19 7:01,613.59375,1LPS-TE108
6/13/19 7:13,639.890625,1LPS-TE108
6/13/19 7:24,652.59375,1LPS-TE108
6/13/19 7:37,659.625,1LPS-TE108
6/13/19 8:05,663.921875,1LPS-TE108
6/13/19 9:54,664.96875,1LPS-TE108
6/13/19 17:44,663.984375,1LPS-TE108
6/13/19 20:58,664.8125,1LPS-TE108
6/13/19 20:59,662.6875,1LPS-TE108
6/13/19 21:03,642.71875,1LPS-TE108
6/13/19 21:08,624.796875,1LPS-TE108
6/13/19 21:14,600.015625,1LPS-TE108
6/13/19 21:21,582.375,1LPS-TE108
6/13/19 21:28,578.515625,1LPS-TE108
6/13/19 21:33,572.5,1LPS-TE108
6/13/19 21:43,573.25,1LPS-TE108
6/13/19 21:44,562.203125,1LPS-TE108
6/13/19 21:45,553.5,1LPS-TE108
6/13/19 21:51,554.5625,1LPS-TE108
6/13/19 22:02,570.15625,1LPS-TE108
6/13/19 22:12,575.03125,1LPS-TE108
6/13/19 22:26,574.03125,1LPS-TE108
6/13/19 22:54,573.765625,1LPS-TE108
6/13/19 23:01,572.734375,1LPS-TE108
6/13/19 23:16,573.1875,1LPS-TE108
6/13/19 23:20,569.5625,1LPS-TE108
6/13/19 23:26,574.609375,1LPS-TE108
6/13/19 23:31,563.359375,1LPS-TE108
6/13/19 23:42,562.09375,1LPS-TE108
6/13/19 23:48,557.671875,1LPS-TE108
6/13/19 23:58,557.703125,1LPS-TE108
6/14/19 0:01,556.46875,1LPS-TE108
6/14/19 0:07,563.84375,1LPS-TE108
6/14/19 0:09,564.3125,1LPS-TE108
6/14/19 0:13,557.5,1LPS-TE108
6/14/19 0:17,556.453125,1LPS-TE108
6/14/19 0:26,565.125,1LPS-TE108
6/14/19 0:42,573.59375,1LPS-TE108
6/14/19 1:06,571.40625,1LPS-TE108
6/14/19 1:16,572.5,1LPS-TE108
6/14/19 1:40,573.015625,1LPS-TE108
6/14/19 2:06,572.625,1LPS-TE108
6/14/19 2:32,571.90625,1LPS-TE108
6/14/19 2:43,569.234375,1LPS-TE108
6/14/19 2:52,569.75,1LPS-TE108
6/14/19 3:00,564.25,1LPS-TE108
6/14/19 3:04,567.609375,1LPS-TE108
6/14/19 3:09,568,1LPS-TE108
6/14/19 3:16,560.09375,1LPS-TE108
6/14/19 3:19,554.234375,1LPS-TE108
6/14/19 3:23,557.71875,1LPS-TE108
6/14/19 3:27,561.0625,1LPS-TE108
6/14/19 3:31,558.109375,1LPS-TE108
6/14/19 3:37,562.375,1LPS-TE108
6/14/19 3:44,561.59375,1LPS-TE108
6/14/19 3:48,562.5,1LPS-TE108
6/14/19 3:57,558.53125,1LPS-TE108
6/14/19 4:00,556.96875,1LPS-TE108
6/14/19 4:06,570.40625,1LPS-TE108
6/14/19 4:20,569.28125,1LPS-TE108
6/14/19 4:40,572.390625,1LPS-TE108
6/14/19 5:00,574.765625,1LPS-TE108
6/14/19 5:32,574.90625,1LPS-TE108
6/14/19 6:01,573.359375,1LPS-TE108
6/14/19 6:03,566.796875,1LPS-TE108
6/14/19 6:05,557.21875,1LPS-TE108
6/14/19 6:07,553.390625,1LPS-TE108
6/14/19 6:18,559.828125,1LPS-TE108
6/14/19 6:23,560,1LPS-TE108
6/14/19 6:32,565.5,1LPS-TE108
6/14/19 6:39,570.296875,1LPS-TE108
6/14/19 6:42,568.0625,1LPS-TE108
6/14/19 6:54,571.75,1LPS-TE108
6/14/19 7:02,574.109375,1LPS-TE108
6/14/19 7:19,572.234375,1LPS-TE108
6/14/19 7:25,571.703125,1LPS-TE108
6/14/19 7:27,566.09375,1LPS-TE108
6/14/19 7:29,555.234375,1LPS-TE108
6/14/19 7:32,553.5,1LPS-TE108
6/14/19 7:40,561.421875,1LPS-TE108
6/14/19 7:46,557.453125,1LPS-TE108
6/14/19 7:51,558.515625,1LPS-TE108
6/14/19 8:01,552.203125,1LPS-TE108
6/14/19 8:06,539.515625,1LPS-TE108
6/14/19 8:12,535.203125,1LPS-TE108
6/14/19 8:15,539.53125,1LPS-TE108
6/14/19 8:18,536.046875,1LPS-TE108
6/14/19 8:21,525.609375,1LPS-TE108
6/14/19 8:23,522.28125,1LPS-TE108
6/14/19 8:26,523.65625,1LPS-TE108
6/14/19 8:31,530.15625,1LPS-TE108
6/14/19 8:36,529.078125,1LPS-TE108
6/14/19 8:40,522.171875,1LPS-TE108
6/14/19 8:46,527.25,1LPS-TE108
6/14/19 8:51,540.140625,1LPS-TE108
6/14/19 8:52,545.921875,1LPS-TE108
6/14/19 8:57,586.5625,1LPS-TE108
6/14/19 8:59,598.625,1LPS-TE108
6/14/19 9:00,601.875,1LPS-TE108
6/14/19 9:03,601.015625,1LPS-TE108
6/14/19 9:08,619.265625,1LPS-TE108
6/14/19 9:17,638.203125,1LPS-TE108
6/14/19 9:27,651.03125,1LPS-TE108
6/14/19 9:41,659.953125,1LPS-TE108
6/14/19 10:12,665.078125,1LPS-TE108
6/14/19 12:49,668.125,1LPS-TE108
6/14/19 13:05,665.59375,1LPS-TE108
6/14/19 13:48,668.34375,1LPS-TE108
6/14/19 21:41,667.59375,1LPS-TE108
6/14/19 22:48,668.75,1LPS-TE108
6/14/19 22:49,665.859375,1LPS-TE108
6/14/19 22:52,649.296875,1LPS-TE108
6/14/19 22:59,623.8125,1LPS-TE108
6/14/19 23:06,590.734375,1LPS-TE108
6/14/19 23:07,584.625,1LPS-TE108
6/14/19 23:10,576.3125,1LPS-TE108
6/14/19 23:19,577.453125,1LPS-TE108
6/14/19 23:23,575.25,1LPS-TE108
6/14/19 23:42,575.125,1LPS-TE108
6/15/19 0:00,573.90625,1LPS-TE108
6/15/19 0:24,574.40625,1LPS-TE108
6/15/19 0:39,575.671875,1LPS-TE108
6/15/19 0:52,572.15625,1LPS-TE108
6/15/19 1:12,573.578125,1LPS-TE108
6/15/19 1:19,571.21875,1LPS-TE108
6/15/19 1:25,573.28125,1LPS-TE108
6/15/19 1:37,572.25,1LPS-TE108
6/15/19 2:12,575.28125,1LPS-TE108
6/15/19 2:53,574.703125,1LPS-TE108
6/15/19 3:14,574.546875,1LPS-TE108
6/15/19 3:19,573.75,1LPS-TE108
6/15/19 3:59,574.03125,1LPS-TE108
6/15/19 4:11,574.140625,1LPS-TE108
6/15/19 4:26,573.28125,1LPS-TE108
6/15/19 4:32,573.90625,1LPS-TE108
6/15/19 4:59,572.640625,1LPS-TE108
6/15/19 5:08,572.0625,1LPS-TE108
6/15/19 5:59,575.03125,1LPS-TE108
6/15/19 6:04,574.296875,1LPS-TE108
6/15/19 6:32,574.453125,1LPS-TE108
6/15/19 6:49,574.921875,1LPS-TE108
6/15/19 6:55,572.3125,1LPS-TE108
6/15/19 7:10,572.84375,1LPS-TE108
6/15/19 7:36,572.15625,1LPS-TE108
6/15/19 7:46,565.484375,1LPS-TE108
6/15/19 7:57,574.515625,1LPS-TE108
6/15/19 8:04,575.140625,1LPS-TE108
6/15/19 8:09,569.21875,1LPS-TE108
6/15/19 8:16,566.484375,1LPS-TE108
6/15/19 8:19,560.421875,1LPS-TE108
6/15/19 8:23,561.703125,1LPS-TE108
6/15/19 8:30,575.546875,1LPS-TE108
6/15/19 8:33,575.734375,1LPS-TE108
6/15/19 8:35,572.6875,1LPS-TE108
6/15/19 8:38,559.640625,1LPS-TE108
6/15/19 8:40,556.078125,1LPS-TE108
6/15/19 8:43,557.25,1LPS-TE108
6/15/19 8:49,572.765625,1LPS-TE108
6/15/19 8:51,577.359375,1LPS-TE108
6/15/19 8:57,607.359375,1LPS-TE108
6/15/19 9:12,639.40625,1LPS-TE108
6/15/19 9:24,653.421875,1LPS-TE108
6/15/19 9:40,661.046875,1LPS-TE108
6/15/19 10:15,665,1LPS-TE108
6/15/19 10:37,662.390625,1LPS-TE108
6/15/19 11:24,665.734375,1LPS-TE108
6/15/19 19:18,664.609375,1LPS-TE108
6/15/19 22:54,667.234375,1LPS-TE108
6/15/19 22:56,659.546875,1LPS-TE108
6/15/19 22:58,647.953125,1LPS-TE108
6/15/19 23:03,629.546875,1LPS-TE108
6/15/19 23:11,594.6875,1LPS-TE108
6/15/19 23:15,582.6875,1LPS-TE108
6/15/19 23:19,576.578125,1LPS-TE108
6/15/19 23:34,574.15625,1LPS-TE108
6/16/19 0:05,574.640625,1LPS-TE108
6/16/19 0:43,573.65625,1LPS-TE108
6/16/19 1:16,575.46875,1LPS-TE108
6/16/19 1:43,572.6875,1LPS-TE108
6/16/19 1:53,573.734375,1LPS-TE108
6/16/19 2:26,572.6875,1LPS-TE108
6/16/19 2:48,574.859375,1LPS-TE108
6/16/19 3:33,573.796875,1LPS-TE108
6/16/19 3:49,573.53125,1LPS-TE108
6/16/19 4:12,575.375,1LPS-TE108
6/16/19 4:34,573.265625,1LPS-TE108
6/16/19 5:16,575.453125,1LPS-TE108
6/16/19 5:40,574.75,1LPS-TE108
6/16/19 6:07,574.921875,1LPS-TE108
6/16/19 6:38,574.90625,1LPS-TE108
6/16/19 6:46,573.203125,1LPS-TE108
6/16/19 6:48,569.171875,1LPS-TE108
6/16/19 6:52,571.34375,1LPS-TE108
6/16/19 6:57,577.3125,1LPS-TE108
6/16/19 7:16,574.6875,1LPS-TE108
6/16/19 7:19,569.6875,1LPS-TE108
6/16/19 7:25,572.0625,1LPS-TE108
6/16/19 7:27,569.09375,1LPS-TE108
6/16/19 7:30,559.296875,1LPS-TE108
6/16/19 7:35,558.96875,1LPS-TE108
6/16/19 7:50,565.65625,1LPS-TE108
6/16/19 7:54,558.4375,1LPS-TE108
6/16/19 7:57,551.921875,1LPS-TE108
6/16/19 8:01,553.546875,1LPS-TE108
6/16/19 8:06,560.265625,1LPS-TE108
6/16/19 8:10,569.625,1LPS-TE108
6/16/19 8:14,567.734375,1LPS-TE108
6/16/19 8:18,550.921875,1LPS-TE108
6/16/19 8:21,550.5625,1LPS-TE108
6/16/19 8:26,560.71875,1LPS-TE108
6/16/19 8:31,573.3125,1LPS-TE108
6/16/19 8:34,574.015625,1LPS-TE108
6/16/19 8:36,570,1LPS-TE108
6/16/19 8:37,563.84375,1LPS-TE108
6/16/19 8:39,558.734375,1LPS-TE108
6/16/19 8:42,557.71875,1LPS-TE108
6/16/19 8:48,569.65625,1LPS-TE108
6/16/19 8:50,578.515625,1LPS-TE108
6/16/19 8:55,606.203125,1LPS-TE108
6/16/19 8:57,612.15625,1LPS-TE108
6/16/19 9:00,613.515625,1LPS-TE108
6/16/19 9:07,633.65625,1LPS-TE108
6/16/19 9:18,649.34375,1LPS-TE108
6/16/19 9:32,658.296875,1LPS-TE108
6/16/19 10:08,664.984375,1LPS-TE108
6/16/19 12:46,665.75,1LPS-TE108
6/16/19 20:45,666.359375,1LPS-TE108
6/16/19 22:55,668.015625,1LPS-TE108
6/16/19 22:56,666.09375,1LPS-TE108
6/16/19 22:58,654.984375,1LPS-TE108
6/16/19 23:01,640.96875,1LPS-TE108
6/16/19 23:05,626.34375,1LPS-TE108
6/16/19 23:14,584.515625,1LPS-TE108
6/16/19 23:17,572.453125,1LPS-TE108
6/16/19 23:18,570.484375,1LPS-TE108
6/16/19 23:27,577.6875,1LPS-TE108
6/16/19 23:53,574.359375,1LPS-TE108
6/17/19 0:16,573.1875,1LPS-TE108
6/17/19 0:56,574.484375,1LPS-TE108
6/17/19 1:18,572.09375,1LPS-TE108
6/17/19 1:49,574.109375,1LPS-TE108
6/17/19 1:59,571.71875,1LPS-TE108
6/17/19 2:09,574.0625,1LPS-TE108
6/17/19 2:30,573.421875,1LPS-TE108
6/17/19 2:35,575.09375,1LPS-TE108
6/17/19 3:01,573.265625,1LPS-TE108
6/17/19 4:11,574.265625,1LPS-TE108
6/17/19 4:48,573.46875,1LPS-TE108
6/17/19 5:23,575.296875,1LPS-TE108
6/17/19 5:47,573.40625,1LPS-TE108
6/17/19 5:55,574.109375,1LPS-TE108
6/17/19 6:03,574.46875,1LPS-TE108
6/17/19 6:09,573.921875,1LPS-TE108
6/17/19 6:18,573.078125,1LPS-TE108
6/17/19 6:23,571.859375,1LPS-TE108
6/17/19 6:35,574.921875,1LPS-TE108
6/17/19 6:43,572.9375,1LPS-TE108
6/17/19 7:08,573.296875,1LPS-TE108
6/17/19 7:16,572.4375,1LPS-TE108
6/17/19 7:55,573.046875,1LPS-TE108
6/17/19 8:06,573.453125,1LPS-TE108
6/17/19 8:15,571.015625,1LPS-TE108
6/17/19 8:19,564.875,1LPS-TE108
6/17/19 8:26,568.96875,1LPS-TE108
6/17/19 8:31,576.890625,1LPS-TE108
6/17/19 8:36,573.546875,1LPS-TE108
6/17/19 8:38,567.421875,1LPS-TE108
6/17/19 8:40,558.015625,1LPS-TE108
6/17/19 8:43,556.875,1LPS-TE108
6/17/19 8:50,573.1875,1LPS-TE108
6/17/19 8:56,576.734375,1LPS-TE108
6/17/19 9:01,589.984375,1LPS-TE108
6/17/19 9:08,611.640625,1LPS-TE108
6/17/19 9:18,635.21875,1LPS-TE108
6/17/19 9:27,647.890625,1LPS-TE108
6/17/19 9:43,657.15625,1LPS-TE108
6/17/19 10:11,663.359375,1LPS-TE108
6/17/19 11:32,665.203125,1LPS-TE108
6/17/19 19:26,664.78125,1LPS-TE108
6/17/19 22:49,667.046875,1LPS-TE108
6/17/19 22:51,662.421875,1LPS-TE108
6/17/19 22:54,645.96875,1LPS-TE108
6/17/19 22:59,627.515625,1LPS-TE108
6/17/19 23:11,569.28125,1LPS-TE108
6/17/19 23:13,567.28125,1LPS-TE108
6/17/19 23:19,572.21875,1LPS-TE108
6/17/19 23:31,571.75,1LPS-TE108
6/17/19 23:42,574.65625,1LPS-TE108
6/18/19 0:04,572.96875,1LPS-TE108
6/18/19 0:41,574.515625,1LPS-TE108
6/18/19 1:22,574.359375,1LPS-TE108
6/18/19 1:58,571.078125,1LPS-TE108
6/18/19 2:11,572.90625,1LPS-TE108
6/18/19 2:28,573.734375,1LPS-TE108
6/18/19 2:57,573.40625,1LPS-TE108
6/18/19 3:27,575.1875,1LPS-TE108
6/18/19 3:48,574.40625,1LPS-TE108
6/18/19 4:17,574.3125,1LPS-TE108
6/18/19 4:34,572.078125,1LPS-TE108
6/18/19 4:59,572.953125,1LPS-TE108
6/18/19 5:25,575.28125,1LPS-TE108
6/18/19 5:49,573.75,1LPS-TE108
6/18/19 6:17,572.90625,1LPS-TE108
6/18/19 6:25,573.34375,1LPS-TE108
6/18/19 6:35,574.5625,1LPS-TE108
6/18/19 6:49,573.15625,1LPS-TE108
6/18/19 7:16,572.859375,1LPS-TE108
6/18/19 7:31,574.25,1LPS-TE108
6/18/19 7:50,573.96875,1LPS-TE108
6/18/19 8:16,572.359375,1LPS-TE108
6/18/19 8:39,574.90625,1LPS-TE108
6/18/19 9:24,573.84375,1LPS-TE108
6/18/19 9:49,571.875,1LPS-TE108
6/18/19 10:01,574,1LPS-TE108
6/18/19 10:12,571.625,1LPS-TE108
6/18/19 10:19,583.859375,1LPS-TE108
6/18/19 10:29,589.875,1LPS-TE108
6/18/19 11:14,591.28125,1LPS-TE108
6/18/19 18:02,588.078125,1LPS-TE108
6/18/19 18:11,583.578125,1LPS-TE108
6/18/19 18:38,578.296875,1LPS-TE108
6/18/19 19:02,578.734375,1LPS-TE108
6/18/19 19:10,584.3125,1LPS-TE108
6/18/19 19:30,589.171875,1LPS-TE108
6/18/19 22:11,593.09375,1LPS-TE108
6/19/19 6:06,594.765625,1LPS-TE108
6/19/19 12:38,592.234375,1LPS-TE108
6/19/19 17:18,590,1LPS-TE108
6/19/19 17:22,586.234375,1LPS-TE108
6/19/19 17:41,588.96875,1LPS-TE108
6/19/19 20:37,592.765625,1LPS-TE108
6/19/19 21:01,592.84375,1LPS-TE108
6/19/19 22:48,593.515625,1LPS-TE108
6/19/19 22:57,591.3125,1LPS-TE108
6/19/19 23:35,593.671875,1LPS-TE108
6/19/19 23:41,585.953125,1LPS-TE108
6/19/19 23:44,576.34375,1LPS-TE108
6/19/19 23:47,574.953125,1LPS-TE108
6/19/19 23:50,566.140625,1LPS-TE108
6/19/19 23:51,565.265625,1LPS-TE108
6/19/19 23:53,566.1875,1LPS-TE108
6/19/19 23:56,555.4375,1LPS-TE108
6/20/19 0:02,540.828125,1LPS-TE108
6/20/19 0:14,526.015625,1LPS-TE108
6/20/19 1:15,478.6796875,1LPS-TE108
6/20/19 2:23,435.3671875,1LPS-TE108
6/20/19 4:22,366.9140625,1LPS-TE108
6/20/19 6:39,294.84375,1LPS-TE108
6/20/19 6:57,287.484375,1LPS-TE108
6/20/19 7:02,278.8203125,1LPS-TE108
6/20/19 7:33,277.125,1LPS-TE108
6/20/19 8:05,292.390625,1LPS-TE108
6/20/19 8:36,289.4453125,1LPS-TE108
6/20/19 8:41,285.015625,1LPS-TE108
6/20/19 8:46,277.4453125,1LPS-TE108
6/20/19 9:08,264.0859375,1LPS-TE108
6/20/19 9:14,261.8046875,1LPS-TE108
6/20/19 9:36,254.0429688,1LPS-TE108
6/20/19 10:13,245.7695313,1LPS-TE108
6/20/19 10:14,250.0429688,1LPS-TE108
6/20/19 10:18,246.2421875,1LPS-TE108
6/20/19 11:42,231.7460938,1LPS-TE108
6/20/19 12:27,225.453125,1LPS-TE108
6/20/19 12:38,225.1914063,1LPS-TE108
6/20/19 12:48,223.4726563,1LPS-TE108
6/20/19 12:49,229.453125,1LPS-TE108
6/20/19 12:51,233.0742188,1LPS-TE108
6/20/19 13:05,240.7617188,1LPS-TE108
6/20/19 13:13,242.46875,1LPS-TE108
6/20/19 13:18,234.4179688,1LPS-TE108
6/20/19 13:31,227.0078125,1LPS-TE108
6/20/19 13:49,223.4296875,1LPS-TE108
6/20/19 13:50,226.4960938,1LPS-TE108
6/20/19 13:56,222.7265625,1LPS-TE108
6/20/19 14:07,221.4453125,1LPS-TE108
6/20/19 14:13,219.6132813,1LPS-TE108
6/20/19 14:15,222.3671875,1LPS-TE108
6/20/19 14:31,217.3867188,1LPS-TE108
6/20/19 14:40,216.2734375,1LPS-TE108
6/20/19 14:42,219.3320313,1LPS-TE108
6/20/19 15:02,213.9023438,1LPS-TE108
6/20/19 15:06,217.8945313,1LPS-TE108
6/20/19 15:10,212.4179688,1LPS-TE108
6/20/19 15:16,213.109375,1LPS-TE108
6/20/19 15:27,208.4882813,1LPS-TE108
6/20/19 16:29,199.9804688,1LPS-TE108
6/20/19 19:55,168.9726563,1LPS-TE108
6/21/19 0:08,139.0859375,1LPS-TE108
6/21/19 5:17,113.3398438,1LPS-TE108
6/21/19 8:29,102.5371094,1LPS-TE108
6/21/19 12:47,92.6171875,1LPS-TE108
6/21/19 20:38,81.96875,1LPS-TE108
6/22/19 4:35,72.45703125,1LPS-TE108
6/22/19 11:33,67.5546875,1LPS-TE108
6/22/19 14:39,69.17773438,1LPS-TE108
6/22/19 22:32,67.25976563,1LPS-TE108
6/23/19 6:30,63.05664063,1LPS-TE108
6/23/19 14:08,64.0390625,1LPS-TE108
6/23/19 15:59,65.02734375,1LPS-TE108
6/23/19 23:57,63.30175781,1LPS-TE108
6/24/19 7:48,57.93164063,1LPS-TE108
6/24/19 11:32,60.4375,1LPS-TE108
6/24/19 12:12,61.27246094,1LPS-TE108
6/24/19 13:53,62.03222656,1LPS-TE108
6/24/19 21:52,64.6640625,1LPS-TE108
6/25/19 5:49,60.19335938,1LPS-TE108
6/25/19 8:20,60.70410156,1LPS-TE108
6/25/19 14:38,64.6484375,1LPS-TE108
6/25/19 22:38,63.88671875,1LPS-TE108
6/26/19 6:37,61.32421875,1LPS-TE108
6/26/19 11:54,63.74316406,1LPS-TE108
6/26/19 14:40,69.06054688,1LPS-TE108
6/26/19 18:22,70.18359375,1LPS-TE108
6/26/19 20:09,68.4140625,1LPS-TE108
6/27/19 2:47,63.328125,1LPS-TE108
6/27/19 9:18,62.0546875,1LPS-TE108
6/27/19 11:49,62.29003906,1LPS-TE108
6/27/19 15:20,63.72167969,1LPS-TE108
6/27/19 23:16,61.98730469,1LPS-TE108
6/28/19 7:13,59.25683594,1LPS-TE108
6/28/19 11:33,62.30664063,1LPS-TE108
6/28/19 14:43,64.796875,1LPS-TE108
6/28/19 17:51,67.28320313,1LPS-TE108
6/28/19 17:52,68.09375,1LPS-TE108
6/28/19 17:53,72.46289063,1LPS-TE108
6/28/19 17:53,83.66210938,1LPS-TE108
6/28/19 17:54,95.22851563,1LPS-TE108
6/28/19 17:54,117.8925781,1LPS-TE108
6/28/19 17:54,152.328125,1LPS-TE108
6/28/19 17:54,175.5234375,1LPS-TE108
6/28/19 17:54,187.140625,1LPS-TE108
6/28/19 17:54,198.5234375,1LPS-TE108
6/28/19 17:55,209.6484375,1LPS-TE108
6/28/19 17:55,220.6953125,1LPS-TE108
6/28/19 17:57,230.8125,1LPS-TE108
6/28/19 18:02,248.265625,1LPS-TE108
6/28/19 18:11,273.609375,1LPS-TE108
6/28/19 18:19,298.5703125,1LPS-TE108
6/28/19 18:23,309.171875,1LPS-TE108
6/28/19 18:24,317.671875,1LPS-TE108
6/28/19 18:25,351.078125,1LPS-TE108
6/28/19 18:26,362.2421875,1LPS-TE108
6/28/19 18:27,384.375,1LPS-TE108
6/28/19 18:29,417.5,1LPS-TE108
6/28/19 18:30,439.640625,1LPS-TE108
6/28/19 18:32,460.1328125,1LPS-TE108
6/28/19 18:34,472.859375,1LPS-TE108
6/28/19 18:39,489.3359375,1LPS-TE108
6/28/19 18:44,513.359375,1LPS-TE108
6/28/19 18:48,523.015625,1LPS-TE108
6/28/19 18:59,537.171875,1LPS-TE108
6/28/19 19:20,546.359375,1LPS-TE108
6/28/19 20:00,552,1LPS-TE108
6/28/19 21:48,554.671875,1LPS-TE108
6/28/19 21:52,553.34375,1LPS-TE108
6/28/19 22:02,558.109375,1LPS-TE108
6/28/19 22:05,562.28125,1LPS-TE108
6/28/19 22:07,562.453125,1LPS-TE108
6/28/19 22:08,560.578125,1LPS-TE108
6/28/19 22:11,550.1875,1LPS-TE108
6/28/19 22:15,544.0625,1LPS-TE108
6/28/19 22:30,535.53125,1LPS-TE108
6/28/19 22:44,534.53125,1LPS-TE108
6/28/19 22:48,546.5625,1LPS-TE108
6/28/19 22:52,549.25,1LPS-TE108
6/28/19 22:54,557.03125,1LPS-TE108
6/28/19 22:55,558.9375,1LPS-TE108
6/28/19 23:02,555.09375,1LPS-TE108
6/28/19 23:05,551.859375,1LPS-TE108
6/28/19 23:09,555.734375,1LPS-TE108
6/28/19 23:18,556.96875,1LPS-TE108
6/28/19 23:25,555.28125,1LPS-TE108
6/28/19 23:53,556.9375,1LPS-TE108
6/29/19 0:02,557.984375,1LPS-TE108
6/29/19 0:15,577.109375,1LPS-TE108
6/29/19 0:27,586.453125,1LPS-TE108
6/29/19 1:00,590.359375,1LPS-TE108
6/29/19 8:17,589.953125,1LPS-TE108
6/29/19 8:28,588.84375,1LPS-TE108
6/29/19 8:49,590.953125,1LPS-TE108
6/29/19 8:56,598.5,1LPS-TE108
6/29/19 9:05,623.296875,1LPS-TE108
6/29/19 9:16,644.0625,1LPS-TE108
6/29/19 9:28,654.109375,1LPS-TE108
6/29/19 9:49,659,1LPS-TE108
6/29/19 11:09,661.96875,1LPS-TE108
6/29/19 19:01,659.25,1LPS-TE108
6/29/19 23:26,661.859375,1LPS-TE108
6/29/19 23:29,655.078125,1LPS-TE108
6/29/19 23:41,614.8125,1LPS-TE108
6/29/19 23:47,592.71875,1LPS-TE108
6/29/19 23:53,578.46875,1LPS-TE108
6/30/19 0:00,575.296875,1LPS-TE108
6/30/19 0:16,572.09375,1LPS-TE108
6/30/19 0:22,569.484375,1LPS-TE108
6/30/19 0:36,569.90625,1LPS-TE108
6/30/19 0:42,569.734375,1LPS-TE108
6/30/19 0:49,569.6875,1LPS-TE108
6/30/19 1:11,571.734375,1LPS-TE108
6/30/19 1:34,571.28125,1LPS-TE108
6/30/19 1:49,571.578125,1LPS-TE108
6/30/19 2:00,570.375,1LPS-TE108
6/30/19 2:30,573.3125,1LPS-TE108
6/30/19 2:34,570.625,1LPS-TE108
6/30/19 2:52,568.484375,1LPS-TE108
6/30/19 2:54,570.59375,1LPS-TE108
6/30/19 3:45,569.796875,1LPS-TE108
6/30/19 3:48,568.09375,1LPS-TE108
6/30/19 4:08,571.640625,1LPS-TE108
6/30/19 4:19,570.203125,1LPS-TE108
6/30/19 4:43,568.265625,1LPS-TE108
6/30/19 4:45,567.84375,1LPS-TE108
6/30/19 5:06,569.40625,1LPS-TE108
6/30/19 5:19,568.53125,1LPS-TE108
6/30/19 5:43,568.921875,1LPS-TE108
6/30/19 6:15,569.65625,1LPS-TE108
6/30/19 6:35,571.90625,1LPS-TE108
6/30/19 7:03,568.96875,1LPS-TE108
6/30/19 7:12,569.453125,1LPS-TE108
6/30/19 7:15,568.21875,1LPS-TE108
6/30/19 7:17,561.75,1LPS-TE108
6/30/19 7:20,551.6875,1LPS-TE108
6/30/19 7:22,552.765625,1LPS-TE108
6/30/19 7:30,571.15625,1LPS-TE108
6/30/19 7:34,571.546875,1LPS-TE108
6/30/19 7:36,566.265625,1LPS-TE108
6/30/19 7:39,554.515625,1LPS-TE108
6/30/19 7:40,553.171875,1LPS-TE108
6/30/19 7:49,572.125,1LPS-TE108
6/30/19 7:54,592.734375,1LPS-TE108
6/30/19 8:08,630.3125,1LPS-TE108
6/30/19 8:19,646.640625,1LPS-TE108
6/30/19 8:32,656.171875,1LPS-TE108
6/30/19 8:55,660.75,1LPS-TE108
6/30/19 10:29,661.515625,1LPS-TE108
6/30/19 17:06,658.6875,1LPS-TE108
6/30/19 20:41,658.953125,1LPS-TE108
7/1/19 0:35,661.09375,1LPS-TE108
7/1/19 8:35,661.359375,1LPS-TE108
7/1/19 16:35,658.75,1LPS-TE108
7/1/19 23:53,660.953125,1LPS-TE108
7/1/19 23:56,654.671875,1LPS-TE108
7/2/19 0:04,626.265625,1LPS-TE108
7/2/19 0:07,608.5625,1LPS-TE108
7/2/19 0:10,587.03125,1LPS-TE108
7/2/19 0:13,563.9375,1LPS-TE108
7/2/19 0:15,551.234375,1LPS-TE108
7/2/19 0:18,541.828125,1LPS-TE108
7/2/19 0:20,538.546875,1LPS-TE108
7/2/19 0:26,535.75,1LPS-TE108
7/2/19 0:36,526.375,1LPS-TE108
7/2/19 0:40,529.53125,1LPS-TE108
7/2/19 0:42,536.59375,1LPS-TE108
7/2/19 0:46,543.125,1LPS-TE108
7/2/19 0:49,545.03125,1LPS-TE108
7/2/19 0:53,540.890625,1LPS-TE108
7/2/19 0:59,540.4375,1LPS-TE108
7/2/19 1:03,541.0625,1LPS-TE108
7/2/19 1:09,539.9375,1LPS-TE108
7/2/19 1:22,537.4375,1LPS-TE108
7/2/19 1:23,535.3125,1LPS-TE108
7/2/19 1:29,535.265625,1LPS-TE108
7/2/19 1:33,533.515625,1LPS-TE108
7/2/19 1:43,532.28125,1LPS-TE108
7/2/19 1:44,531,1LPS-TE108
7/2/19 1:51,534.140625,1LPS-TE108
7/2/19 1:58,534.03125,1LPS-TE108
7/2/19 2:07,536.40625,1LPS-TE108
7/2/19 2:15,535.453125,1LPS-TE108
7/2/19 2:23,534,1LPS-TE108
7/2/19 2:34,532.59375,1LPS-TE108
7/2/19 2:41,536.328125,1LPS-TE108
7/2/19 2:43,535.0625,1LPS-TE108
7/2/19 2:50,536.4375,1LPS-TE108
7/2/19 2:52,537.25,1LPS-TE108
7/2/19 2:59,536.703125,1LPS-TE108
7/2/19 3:06,538.171875,1LPS-TE108
7/2/19 3:12,538.609375,1LPS-TE108
7/2/19 3:16,537.546875,1LPS-TE108
7/2/19 3:22,536.546875,1LPS-TE108
7/2/19 3:26,537.34375,1LPS-TE108
7/2/19 3:28,535.34375,1LPS-TE108
7/2/19 3:37,536.5625,1LPS-TE108
7/2/19 3:44,533.5,1LPS-TE108
7/2/19 3:52,535,1LPS-TE108
7/2/19 3:54,537,1LPS-TE108
7/2/19 4:00,537.515625,1LPS-TE108
7/2/19 4:04,533.5625,1LPS-TE108
7/2/19 4:20,538.015625,1LPS-TE108
7/2/19 4:22,536.796875,1LPS-TE108
7/2/19 4:25,537.390625,1LPS-TE108
7/2/19 4:32,534.984375,1LPS-TE108
7/2/19 4:33,536.828125,1LPS-TE108
7/2/19 4:39,538.453125,1LPS-TE108
7/2/19 4:47,537.421875,1LPS-TE108
7/2/19 4:49,535.03125,1LPS-TE108
7/2/19 4:52,535.5,1LPS-TE108
7/2/19 5:00,532.34375,1LPS-TE108
7/2/19 5:07,531.53125,1LPS-TE108
7/2/19 5:15,531.1875,1LPS-TE108
7/2/19 5:19,533.15625,1LPS-TE108
7/2/19 5:22,531.671875,1LPS-TE108
7/2/19 5:32,533,1LPS-TE108
7/2/19 5:39,529.328125,1LPS-TE108
7/2/19 5:42,532.46875,1LPS-TE108
7/2/19 5:49,532.109375,1LPS-TE108
7/2/19 5:53,535.46875,1LPS-TE108
7/2/19 6:00,533.171875,1LPS-TE108
7/2/19 6:05,525.171875,1LPS-TE108
7/2/19 6:08,513.109375,1LPS-TE108
7/2/19 6:10,513.421875,1LPS-TE108
7/2/19 6:15,522.875,1LPS-TE108
7/2/19 6:19,538,1LPS-TE108
7/2/19 6:21,539.71875,1LPS-TE108
7/2/19 6:23,538.359375,1LPS-TE108
7/2/19 6:25,541.875,1LPS-TE108
7/2/19 6:27,539.140625,1LPS-TE108
7/2/19 6:30,529.125,1LPS-TE108
7/2/19 6:33,526.21875,1LPS-TE108
7/2/19 6:34,522.515625,1LPS-TE108
7/2/19 6:38,517.796875,1LPS-TE108
7/2/19 6:45,519.078125,1LPS-TE108
7/2/19 6:48,518.265625,1LPS-TE108
7/2/19 6:50,521.703125,1LPS-TE108
7/2/19 6:56,520.625,1LPS-TE108
7/2/19 7:01,525.9375,1LPS-TE108
7/2/19 7:02,524.15625,1LPS-TE108
7/2/19 7:07,523.421875,1LPS-TE108
7/2/19 7:09,526.375,1LPS-TE108
7/2/19 7:20,524.40625,1LPS-TE108
7/2/19 7:22,526.03125,1LPS-TE108
7/2/19 7:26,524.28125,1LPS-TE108
7/2/19 7:28,526.75,1LPS-TE108
7/2/19 7:33,527.5,1LPS-TE108
7/2/19 7:34,526.203125,1LPS-TE108
7/2/19 7:36,528.1875,1LPS-TE108
7/2/19 7:39,519.421875,1LPS-TE108
7/2/19 7:42,521.75,1LPS-TE108
7/2/19 7:47,529.46875,1LPS-TE108
7/2/19 7:50,539.875,1LPS-TE108
7/2/19 7:54,544.734375,1LPS-TE108
7/2/19 7:56,545.203125,1LPS-TE108
7/2/19 7:59,540.28125,1LPS-TE108
7/2/19 8:02,541.265625,1LPS-TE108
7/2/19 8:04,538.890625,1LPS-TE108
7/2/19 8:09,541.609375,1LPS-TE108
7/2/19 8:13,535.078125,1LPS-TE108
7/2/19 8:15,526.953125,1LPS-TE108
7/2/19 8:20,514.28125,1LPS-TE108
7/2/19 8:22,512.140625,1LPS-TE108
7/2/19 8:24,503.828125,1LPS-TE108
7/2/19 8:25,502.6328125,1LPS-TE108
7/2/19 8:27,507.3359375,1LPS-TE108
7/2/19 8:31,522.359375,1LPS-TE108
7/2/19 8:35,527.421875,1LPS-TE108
7/2/19 8:38,533.5,1LPS-TE108
7/2/19 8:40,535.328125,1LPS-TE108
7/2/19 8:44,525.828125,1LPS-TE108
7/2/19 8:46,518.796875,1LPS-TE108
7/2/19 8:49,519.453125,1LPS-TE108
7/2/19 8:52,527.375,1LPS-TE108
7/2/19 8:54,527.765625,1LPS-TE108
7/2/19 8:58,504.203125,1LPS-TE108
7/2/19 8:59,500.25,1LPS-TE108
7/2/19 9:01,499.8125,1LPS-TE108
7/2/19 9:07,511.6484375,1LPS-TE108
7/2/19 9:10,506.1171875,1LPS-TE108
7/2/19 9:12,499.46875,1LPS-TE108
7/2/19 9:15,493.7265625,1LPS-TE108
7/2/19 9:17,498.4921875,1LPS-TE108
7/2/19 9:19,506.1953125,1LPS-TE108
7/2/19 9:21,510.2734375,1LPS-TE108
7/2/19 9:23,519.125,1LPS-TE108
7/2/19 9:24,519.53125,1LPS-TE108
7/2/19 9:28,509.5625,1LPS-TE108
7/2/19 9:29,505.3828125,1LPS-TE108
7/2/19 9:31,503.125,1LPS-TE108
7/2/19 9:33,507.6953125,1LPS-TE108
7/2/19 9:37,523.828125,1LPS-TE108
7/2/19 9:39,529,1LPS-TE108
7/2/19 9:42,524.03125,1LPS-TE108
7/2/19 9:51,524.203125,1LPS-TE108
7/2/19 9:56,523.671875,1LPS-TE108
7/2/19 9:57,524.5,1LPS-TE108
7/2/19 9:59,523.546875,1LPS-TE108
7/2/19 10:09,526.640625,1LPS-TE108
7/2/19 10:12,525.53125,1LPS-TE108
7/2/19 10:13,527.453125,1LPS-TE108
7/2/19 10:23,528.40625,1LPS-TE108
7/2/19 10:30,530.546875,1LPS-TE108
7/2/19 10:31,529.34375,1LPS-TE108
7/2/19 10:33,532.875,1LPS-TE108
7/2/19 10:37,531.875,1LPS-TE108
7/2/19 10:49,527.109375,1LPS-TE108
7/2/19 10:51,530.109375,1LPS-TE108
7/2/19 10:58,531.640625,1LPS-TE108
7/2/19 11:02,525.09375,1LPS-TE108
7/2/19 11:04,527.28125,1LPS-TE108
7/2/19 11:08,523.828125,1LPS-TE108
7/2/19 11:14,524.671875,1LPS-TE108
7/2/19 11:16,519.328125,1LPS-TE108
7/2/19 11:18,506.0703125,1LPS-TE108
7/2/19 11:19,501.703125,1LPS-TE108
7/2/19 11:22,505.6015625,1LPS-TE108
7/2/19 11:23,509.453125,1LPS-TE108
7/2/19 11:29,543.953125,1LPS-TE108
7/2/19 11:30,547.453125,1LPS-TE108
7/2/19 11:31,547.9375,1LPS-TE108
7/2/19 11:35,536.90625,1LPS-TE108
7/2/19 11:39,514.890625,1LPS-TE108
7/2/19 11:40,511.984375,1LPS-TE108
7/2/19 11:43,514.9375,1LPS-TE108
7/2/19 11:45,523.203125,1LPS-TE108
7/2/19 11:48,540.46875,1LPS-TE108
7/2/19 11:50,545.890625,1LPS-TE108
7/2/19 11:53,551.859375,1LPS-TE108
7/2/19 11:56,569.3125,1LPS-TE108
7/2/19 11:59,588.34375,1LPS-TE108
7/2/19 12:04,605.9375,1LPS-TE108
7/2/19 12:14,630.546875,1LPS-TE108
7/2/19 12:24,643.765625,1LPS-TE108
7/2/19 12:40,652.25,1LPS-TE108
7/2/19 13:16,657.78125,1LPS-TE108
7/2/19 18:35,658.171875,1LPS-TE108
7/2/19 23:56,659.59375,1LPS-TE108
7/2/19 23:58,655.8125,1LPS-TE108
7/3/19 0:01,643.4375,1LPS-TE108
7/3/19 0:07,623.8125,1LPS-TE108
7/3/19 0:17,581.671875,1LPS-TE108
7/3/19 0:20,573.1875,1LPS-TE108
7/3/19 0:22,571.21875,1LPS-TE108
7/3/19 0:35,570.28125,1LPS-TE108
7/3/19 0:50,573.140625,1LPS-TE108
7/3/19 0:56,570.21875,1LPS-TE108
7/3/19 1:05,569.21875,1LPS-TE108
7/3/19 1:21,569.078125,1LPS-TE108
7/3/19 1:49,569.953125,1LPS-TE108
7/3/19 1:51,567.90625,1LPS-TE108
7/3/19 2:04,569,1LPS-TE108
7/3/19 2:07,567,1LPS-TE108
7/3/19 2:21,568.984375,1LPS-TE108
7/3/19 2:29,567.6875,1LPS-TE108
7/3/19 2:52,568.75,1LPS-TE108
7/3/19 2:56,566.515625,1LPS-TE108
7/3/19 3:34,569.015625,1LPS-TE108
7/3/19 3:56,569.34375,1LPS-TE108
7/3/19 4:24,569.78125,1LPS-TE108
7/3/19 4:57,570.90625,1LPS-TE108
7/3/19 5:03,571.546875,1LPS-TE108
7/3/19 5:30,568.5625,1LPS-TE108
7/3/19 5:45,569.28125,1LPS-TE108
7/3/19 5:57,569.265625,1LPS-TE108
7/3/19 5:58,567.78125,1LPS-TE108
7/3/19 6:14,568.546875,1LPS-TE108
7/3/19 6:16,566.125,1LPS-TE108
7/3/19 6:18,561.046875,1LPS-TE108
7/3/19 6:19,559.453125,1LPS-TE108
7/3/19 6:23,561.078125,1LPS-TE108
7/3/19 6:30,572.9375,1LPS-TE108
7/3/19 6:35,570.3125,1LPS-TE108
7/3/19 6:37,564.171875,1LPS-TE108
7/3/19 6:39,553.90625,1LPS-TE108
7/3/19 6:40,551.25,1LPS-TE108
7/3/19 6:44,553.78125,1LPS-TE108
7/3/19 6:55,584.6875,1LPS-TE108
7/3/19 7:00,603.03125,1LPS-TE108
7/3/19 7:14,633.65625,1LPS-TE108
7/3/19 7:25,646.296875,1LPS-TE108
7/3/19 7:41,653.6875,1LPS-TE108
7/3/19 8:17,657.78125,1LPS-TE108
7/3/19 12:42,657.9375,1LPS-TE108
7/3/19 20:18,657.28125,1LPS-TE108
7/4/19 4:12,658.703125,1LPS-TE108
7/4/19 8:32,658.90625,1LPS-TE108
7/4/19 16:28,656.359375,1LPS-TE108
7/4/19 21:42,657.5,1LPS-TE108
7/5/19 5:42,658.875,1LPS-TE108
7/5/19 13:33,657.703125,1LPS-TE108
7/5/19 19:28,657.125,1LPS-TE108
7/6/19 3:24,658.65625,1LPS-TE108
7/6/19 11:23,658.90625,1LPS-TE108
7/6/19 16:32,656.734375,1LPS-TE108
7/7/19 0:31,658.5625,1LPS-TE108
7/7/19 8:23,658.90625,1LPS-TE108
7/7/19 16:17,656.421875,1LPS-TE108
7/7/19 21:30,657.03125,1LPS-TE108
7/8/19 5:29,658.3125,1LPS-TE108
7/8/19 13:27,657.5,1LPS-TE108
7/8/19 20:36,655.921875,1LPS-TE108
7/8/19 22:53,657.828125,1LPS-TE108
7/8/19 22:55,656.25,1LPS-TE108
7/8/19 22:59,642.734375,1LPS-TE108
7/8/19 23:04,629.296875,1LPS-TE108
7/8/19 23:08,610.703125,1LPS-TE108
7/8/19 23:11,603.734375,1LPS-TE108
7/8/19 23:22,596.953125,1LPS-TE108
7/8/19 23:49,590.421875,1LPS-TE108
7/8/19 23:54,584.125,1LPS-TE108
7/8/19 23:57,574.5625,1LPS-TE108
7/8/19 23:58,572.6875,1LPS-TE108
7/8/19 23:59,577.578125,1LPS-TE108
7/9/19 0:02,559.171875,1LPS-TE108
7/9/19 0:03,548.15625,1LPS-TE108
7/9/19 0:03,525.875,1LPS-TE108
7/9/19 0:04,481.046875,1LPS-TE108
7/9/19 0:05,458.6640625,1LPS-TE108
7/9/19 0:05,447.5859375,1LPS-TE108
7/9/19 0:06,436.4921875,1LPS-TE108
7/9/19 0:07,414.3203125,1LPS-TE108
7/9/19 0:07,403.1640625,1LPS-TE108
7/9/19 0:08,369.9453125,1LPS-TE108
7/9/19 0:09,347.8984375,1LPS-TE108
7/9/19 0:10,348.25,1LPS-TE108
7/9/19 0:11,359.375,1LPS-TE108
7/9/19 0:12,368.9765625,1LPS-TE108
7/9/19 0:13,375.296875,1LPS-TE108
7/9/19 0:16,383.4296875,1LPS-TE108
7/9/19 0:22,382.984375,1LPS-TE108
7/9/19 0:38,370.34375,1LPS-TE108
7/9/19 1:04,357.609375,1LPS-TE108
7/9/19 2:17,331.4765625,1LPS-TE108
7/9/19 2:55,317.515625,1LPS-TE108
7/9/19 3:40,301.015625,1LPS-TE108
7/9/19 3:55,291.578125,1LPS-TE108
7/9/19 4:03,287.6328125,1LPS-TE108
7/9/19 4:21,284.921875,1LPS-TE108
7/9/19 6:43,246.7539063,1LPS-TE108
7/9/19 7:16,237.6640625,1LPS-TE108
7/9/19 9:10,212.9804688,1LPS-TE108
7/9/19 9:15,210.5664063,1LPS-TE108
7/9/19 10:38,205.8632813,1LPS-TE108
7/9/19 15:13,175.2617188,1LPS-TE108
7/9/19 16:30,163.03125,1LPS-TE108
7/9/19 23:13,126.625,1LPS-TE108
7/10/19 4:12,105.9453125,1LPS-TE108
7/10/19 9:16,92.99023438,1LPS-TE108
7/10/19 13:28,86.25585938,1LPS-TE108
7/10/19 14:52,84.421875,1LPS-TE108
7/10/19 17:02,83.40625,1LPS-TE108
7/10/19 17:04,84.48046875,1LPS-TE108
7/10/19 17:14,81.3046875,1LPS-TE108
7/10/19 22:40,77.08203125,1LPS-TE108
7/11/19 6:39,71.30078125,1LPS-TE108
7/11/19 7:50,72.76953125,1LPS-TE108
7/11/19 7:51,73.40234375,1LPS-TE108
7/11/19 7:52,84.56835938,1LPS-TE108
7/11/19 7:52,95.81445313,1LPS-TE108
7/11/19 7:52,118.2324219,1LPS-TE108
7/11/19 7:53,152.6289063,1LPS-TE108
7/11/19 7:53,175.2109375,1LPS-TE108
7/11/19 7:53,186.3671875,1LPS-TE108
7/11/19 7:53,197.421875,1LPS-TE108
7/11/19 7:53,208.6523438,1LPS-TE108
7/11/19 7:53,219.75,1LPS-TE108
7/11/19 7:54,229.5625,1LPS-TE108
7/11/19 7:59,248.265625,1LPS-TE108
7/11/19 8:05,264.625,1LPS-TE108
7/11/19 8:17,307.4453125,1LPS-TE108
7/11/19 8:22,320.453125,1LPS-TE108
7/11/19 8:23,331.5,1LPS-TE108
7/11/19 8:25,364.71875,1LPS-TE108
7/11/19 8:27,386.90625,1LPS-TE108
7/11/19 8:33,445.421875,1LPS-TE108
7/11/19 8:38,482.3671875,1LPS-TE108
7/11/19 8:42,500.1796875,1LPS-TE108
7/11/19 8:46,513.359375,1LPS-TE108
7/11/19 8:55,530.3125,1LPS-TE108
7/11/19 8:59,530.015625,1LPS-TE108
7/11/19 9:03,520.453125,1LPS-TE108
7/11/19 9:08,516.9375,1LPS-TE108
7/11/19 9:11,517.203125,1LPS-TE108
7/11/19 9:12,528.296875,1LPS-TE108
7/11/19 9:12,539.359375,1LPS-TE108
7/11/19 9:13,550.53125,1LPS-TE108
7/11/19 9:14,557.234375,1LPS-TE108
7/11/19 9:16,561.34375,1LPS-TE108
7/11/19 9:18,559.015625,1LPS-TE108
7/11/19 9:21,541.75,1LPS-TE108
7/11/19 9:24,532.828125,1LPS-TE108
7/11/19 9:36,530.984375,1LPS-TE108
7/11/19 9:50,527.640625,1LPS-TE108
7/11/19 9:56,528.03125,1LPS-TE108
7/11/19 9:57,539.078125,1LPS-TE108
7/11/19 9:58,544.515625,1LPS-TE108
7/11/19 10:01,548.109375,1LPS-TE108
7/11/19 10:04,547.65625,1LPS-TE108
7/11/19 10:05,547.390625,1LPS-TE108
7/11/19 10:16,568.234375,1LPS-TE108
7/11/19 10:28,579.453125,1LPS-TE108
7/11/19 10:44,584.546875,1LPS-TE108
7/11/19 13:56,586.75,1LPS-TE108
7/11/19 14:49,583.46875,1LPS-TE108
7/11/19 15:16,579.140625,1LPS-TE108
7/11/19 15:39,582.34375,1LPS-TE108
7/11/19 15:50,586.421875,1LPS-TE108
7/11/19 15:58,597.53125,1LPS-TE108
7/11/19 16:05,617.46875,1LPS-TE108
7/11/19 16:15,640.75,1LPS-TE108
7/11/19 16:24,652.515625,1LPS-TE108
7/11/19 16:31,656.84375,1LPS-TE108
7/11/19 17:50,658.515625,1LPS-TE108
7/11/19 19:00,658.65625,1LPS-TE108
7/12/19 2:56,661.109375,1LPS-TE108
7/12/19 10:45,660.828125,1LPS-TE108
7/12/19 15:44,658.234375,1LPS-TE108
7/12/19 20:32,658.265625,1LPS-TE108
7/13/19 4:30,661,1LPS-TE108
7/13/19 9:00,660.265625,1LPS-TE108
7/13/19 16:57,658.34375,1LPS-TE108
7/14/19 0:53,660.484375,1LPS-TE108
7/14/19 7:46,662.390625,1LPS-TE108
7/14/19 15:36,658.34375,1LPS-TE108
7/14/19 21:29,659.21875,1LPS-TE108
7/15/19 5:23,660.828125,1LPS-TE108
7/15/19 6:29,661.03125,1LPS-TE108
7/15/19 12:40,661.65625,1LPS-TE108
7/15/19 20:36,660.21875,1LPS-TE108
7/16/19 0:33,661.96875,1LPS-TE108
7/16/19 7:28,663.75,1LPS-TE108
7/16/19 9:36,662.484375,1LPS-TE108
7/16/19 14:11,658.734375,1LPS-TE108
7/16/19 20:38,659.640625,1LPS-TE108
7/16/19 23:32,661.140625,1LPS-TE108
7/16/19 23:34,656.6875,1LPS-TE108
7/16/19 23:37,644.703125,1LPS-TE108
7/16/19 23:42,631.40625,1LPS-TE108
7/16/19 23:47,609.9375,1LPS-TE108
7/16/19 23:52,591.28125,1LPS-TE108
7/16/19 23:55,583.015625,1LPS-TE108
7/17/19 0:02,576.5625,1LPS-TE108
7/17/19 0:16,576,1LPS-TE108
7/17/19 0:33,574.625,1LPS-TE108
7/17/19 0:38,573.9375,1LPS-TE108
7/17/19 0:43,572.71875,1LPS-TE108
7/17/19 1:02,573.359375,1LPS-TE108
7/17/19 1:05,570.4375,1LPS-TE108
7/17/19 1:26,572.75,1LPS-TE108
7/17/19 1:40,572.421875,1LPS-TE108
7/17/19 1:48,571.4375,1LPS-TE108
7/17/19 2:02,572.625,1LPS-TE108
7/17/19 2:09,571.796875,1LPS-TE108
7/17/19 2:46,571.5625,1LPS-TE108
7/17/19 3:06,571.703125,1LPS-TE108
7/17/19 3:14,569.65625,1LPS-TE108
7/17/19 3:33,570.265625,1LPS-TE108
7/17/19 3:51,571,1LPS-TE108
7/17/19 4:19,573.421875,1LPS-TE108
7/17/19 4:38,571.828125,1LPS-TE108
7/17/19 4:47,571.9375,1LPS-TE108
7/17/19 5:44,572.5,1LPS-TE108
7/17/19 5:47,574.171875,1LPS-TE108
7/17/19 6:01,572.953125,1LPS-TE108
7/17/19 6:41,572.484375,1LPS-TE108
7/17/19 7:19,573.0625,1LPS-TE108
7/17/19 7:41,572.546875,1LPS-TE108
7/17/19 8:13,571.375,1LPS-TE108
7/17/19 8:31,572.109375,1LPS-TE108
7/17/19 8:59,573.390625,1LPS-TE108
7/17/19 9:10,570.296875,1LPS-TE108
7/17/19 10:16,571.6875,1LPS-TE108
7/17/19 10:20,562.921875,1LPS-TE108
7/17/19 10:24,563.53125,1LPS-TE108
7/17/19 10:32,574.984375,1LPS-TE108
7/17/19 10:38,571.015625,1LPS-TE108
7/17/19 10:41,567.46875,1LPS-TE108
7/17/19 10:49,571.546875,1LPS-TE108
7/17/19 10:52,580.265625,1LPS-TE108
7/17/19 10:57,604.1875,1LPS-TE108
7/17/19 11:03,620.28125,1LPS-TE108
7/17/19 11:11,636.796875,1LPS-TE108
7/17/19 11:22,647.046875,1LPS-TE108
7/17/19 11:43,654.203125,1LPS-TE108
7/17/19 13:14,658.75,1LPS-TE108
7/17/19 14:23,658.4375,1LPS-TE108
7/17/19 14:27,0,1LPS-TE108
7/17/19 14:30,0,1LPS-TE108
7/17/19 14:30,658.65625,1LPS-TE108
7/17/19 19:32,657.96875,1LPS-TE108
7/17/19 21:23,658.75,1LPS-TE108
7/17/19 23:05,658.65625,1LPS-TE108
7/17/19 23:33,658.5,1LPS-TE108
7/17/19 23:35,651.515625,1LPS-TE108
7/17/19 23:38,641.03125,1LPS-TE108
7/17/19 23:45,619.421875,1LPS-TE108
7/17/19 23:49,601.65625,1LPS-TE108
7/17/19 23:52,586.796875,1LPS-TE108
7/17/19 23:55,577.65625,1LPS-TE108
7/18/19 0:09,576.453125,1LPS-TE108
7/18/19 0:16,572.109375,1LPS-TE108
7/18/19 0:37,573.796875,1LPS-TE108
7/18/19 0:54,571,1LPS-TE108
7/18/19 1:03,572.328125,1LPS-TE108
7/18/19 1:44,572.015625,1LPS-TE108
7/18/19 1:55,571.625,1LPS-TE108
7/18/19 2:16,570.546875,1LPS-TE108
7/18/19 2:27,572.515625,1LPS-TE108
7/18/19 2:39,572.25,1LPS-TE108
7/18/19 3:01,571.828125,1LPS-TE108
7/18/19 3:24,573.5,1LPS-TE108
7/18/19 3:44,571.796875,1LPS-TE108
7/18/19 4:07,574.234375,1LPS-TE108
7/18/19 4:32,571.9375,1LPS-TE108
7/18/19 4:41,571.4375,1LPS-TE108
7/18/19 4:58,573.234375,1LPS-TE108
7/18/19 5:18,571.390625,1LPS-TE108
7/18/19 5:57,574,1LPS-TE108
7/18/19 6:18,570.515625,1LPS-TE108
7/18/19 6:30,571.546875,1LPS-TE108
7/18/19 6:47,574.078125,1LPS-TE108
7/18/19 6:56,574.234375,1LPS-TE108
7/18/19 7:40,574.34375,1LPS-TE108
7/18/19 7:51,572.40625,1LPS-TE108
7/18/19 7:58,583.96875,1LPS-TE108
7/18/19 8:05,586.96875,1LPS-TE108
7/18/19 8:13,586.25,1LPS-TE108
7/18/19 8:18,583.984375,1LPS-TE108
7/18/19 8:26,582.9375,1LPS-TE108
7/18/19 8:51,576.484375,1LPS-TE108
7/18/19 9:02,576.71875,1LPS-TE108
7/18/19 9:20,588.09375,1LPS-TE108
7/18/19 9:32,589.96875,1LPS-TE108
7/18/19 9:43,585.15625,1LPS-TE108
7/18/19 10:14,591.15625,1LPS-TE108
7/18/19 11:03,590.734375,1LPS-TE108
7/18/19 11:19,589.90625,1LPS-TE108
7/18/19 13:56,591.796875,1LPS-TE108
7/18/19 19:01,590.640625,1LPS-TE108
7/18/19 23:46,593.078125,1LPS-TE108
7/18/19 23:53,590.359375,1LPS-TE108
7/18/19 23:57,584.234375,1LPS-TE108
7/18/19 23:59,577.375,1LPS-TE108
7/19/19 0:03,577.03125,1LPS-TE108
7/19/19 0:11,564.890625,1LPS-TE108
7/19/19 0:15,560.796875,1LPS-TE108
7/19/19 0:20,558.15625,1LPS-TE108
7/19/19 0:31,547.125,1LPS-TE108
7/19/19 0:44,540.515625,1LPS-TE108
7/19/19 1:16,535.0625,1LPS-TE108
7/19/19 1:21,536.5,1LPS-TE108
7/19/19 2:09,535.5625,1LPS-TE108
7/19/19 2:37,534.578125,1LPS-TE108
7/19/19 2:40,534.03125,1LPS-TE108
7/19/19 2:43,535.9375,1LPS-TE108
7/19/19 2:46,534.375,1LPS-TE108
7/19/19 3:03,534.671875,1LPS-TE108
7/19/19 3:09,534.28125,1LPS-TE108
7/19/19 3:14,534.609375,1LPS-TE108
7/19/19 3:20,535.203125,1LPS-TE108
7/19/19 9:07,535.53125,1LPS-TE108
7/19/19 10:01,536.09375,1LPS-TE108
7/19/19 10:08,545.0625,1LPS-TE108
7/19/19 10:13,555.1875,1LPS-TE108
7/19/19 10:28,571.21875,1LPS-TE108
7/19/19 10:43,576.796875,1LPS-TE108
7/19/19 11:02,579.671875,1LPS-TE108
7/19/19 11:10,585.875,1LPS-TE108
7/19/19 11:32,591.046875,1LPS-TE108
7/19/19 15:58,591.015625,1LPS-TE108
7/19/19 23:50,592.515625,1LPS-TE108
7/19/19 23:56,586.9375,1LPS-TE108
7/20/19 0:00,577.90625,1LPS-TE108
7/20/19 0:03,577.375,1LPS-TE108
7/20/19 0:07,568.40625,1LPS-TE108
7/20/19 0:13,564.828125,1LPS-TE108
7/20/19 0:27,550.765625,1LPS-TE108
7/20/19 0:38,543.609375,1LPS-TE108
7/20/19 0:44,541.8125,1LPS-TE108
7/20/19 0:53,538.3125,1LPS-TE108
7/20/19 0:58,538.734375,1LPS-TE108
7/20/19 1:02,537.75,1LPS-TE108
7/20/19 1:08,537.359375,1LPS-TE108
7/20/19 1:55,536.609375,1LPS-TE108
7/20/19 3:34,535.265625,1LPS-TE108
7/20/19 7:46,535.875,1LPS-TE108
7/20/19 8:01,536.359375,1LPS-TE108
7/20/19 9:05,535.765625,1LPS-TE108
7/20/19 9:12,534.796875,1LPS-TE108
7/20/19 9:15,535.53125,1LPS-TE108
7/20/19 10:02,537.203125,1LPS-TE108
7/20/19 10:08,545.234375,1LPS-TE108
7/20/19 10:19,569.46875,1LPS-TE108
7/20/19 10:28,580.59375,1LPS-TE108
7/20/19 10:43,588.203125,1LPS-TE108
7/20/19 11:07,589.703125,1LPS-TE108
7/20/19 13:07,589.875,1LPS-TE108
7/20/19 19:02,588.765625,1LPS-TE108
7/20/19 23:52,591.046875,1LPS-TE108
7/20/19 23:57,585.984375,1LPS-TE108
7/21/19 0:01,577.5625,1LPS-TE108
7/21/19 0:04,575.90625,1LPS-TE108
7/21/19 0:12,564.6875,1LPS-TE108
7/21/19 0:19,560.09375,1LPS-TE108
7/21/19 0:33,547.453125,1LPS-TE108
7/21/19 0:53,539.9375,1LPS-TE108
7/21/19 2:06,535.9375,1LPS-TE108
7/21/19 2:38,535.21875,1LPS-TE108
7/21/19 2:41,535.984375,1LPS-TE108
7/21/19 2:43,534.046875,1LPS-TE108
7/21/19 2:47,536.25,1LPS-TE108
7/21/19 2:50,534.234375,1LPS-TE108
7/21/19 2:52,536.265625,1LPS-TE108
7/21/19 3:13,535.484375,1LPS-TE108
7/21/19 9:01,535.46875,1LPS-TE108
7/21/19 9:08,538.953125,1LPS-TE108
7/21/19 9:49,543.734375,1LPS-TE108
7/21/19 10:02,545.546875,1LPS-TE108
7/21/19 10:07,552.203125,1LPS-TE108
7/21/19 10:14,567.625,1LPS-TE108
7/21/19 10:25,580.0625,1LPS-TE108
7/21/19 10:37,586.25,1LPS-TE108
7/21/19 11:04,588.796875,1LPS-TE108
7/21/19 11:39,588.671875,1LPS-TE108
7/21/19 11:57,589.984375,1LPS-TE108
7/21/19 12:02,599.171875,1LPS-TE108
7/21/19 12:10,619.53125,1LPS-TE108
7/21/19 12:21,636.90625,1LPS-TE108
7/21/19 12:33,645.078125,1LPS-TE108
7/21/19 13:03,650.625,1LPS-TE108
7/21/19 15:41,658.65625,1LPS-TE108
7/21/19 23:37,662.515625,1LPS-TE108
7/21/19 23:42,641.671875,1LPS-TE108
7/21/19 23:45,632.84375,1LPS-TE108
7/21/19 23:50,608.65625,1LPS-TE108
7/21/19 23:53,601.375,1LPS-TE108
7/22/19 0:02,592.546875,1LPS-TE108
7/22/19 0:07,584.859375,1LPS-TE108
7/22/19 0:26,567.25,1LPS-TE108
7/22/19 0:44,558.328125,1LPS-TE108
7/22/19 1:01,554.390625,1LPS-TE108
7/22/19 1:07,548.734375,1LPS-TE108
7/22/19 1:21,544.296875,1LPS-TE108
7/22/19 1:34,539.90625,1LPS-TE108
7/22/19 1:42,538.703125,1LPS-TE108
7/22/19 1:59,537.625,1LPS-TE108
7/22/19 2:03,536.09375,1LPS-TE108
7/22/19 2:11,536.640625,1LPS-TE108
7/22/19 2:14,534.53125,1LPS-TE108
7/22/19 2:16,536.5625,1LPS-TE108
7/22/19 2:37,533.859375,1LPS-TE108
7/22/19 2:42,534.5625,1LPS-TE108
7/22/19 2:45,531.953125,1LPS-TE108
7/22/19 2:54,532.171875,1LPS-TE108
7/22/19 3:06,532.8125,1LPS-TE108
7/22/19 6:13,532,1LPS-TE108
7/22/19 6:17,532.03125,1LPS-TE108
7/22/19 6:24,531.875,1LPS-TE108
7/22/19 6:29,531.484375,1LPS-TE108
7/22/19 6:41,531.90625,1LPS-TE108
7/22/19 10:01,533.28125,1LPS-TE108
7/22/19 10:08,543.359375,1LPS-TE108
7/22/19 10:19,569.109375,1LPS-TE108
7/22/19 10:30,582.1875,1LPS-TE108
7/22/19 10:44,588.515625,1LPS-TE108
7/22/19 11:16,589.703125,1LPS-TE108
7/22/19 11:31,590.015625,1LPS-TE108
7/22/19 11:47,588.84375,1LPS-TE108
7/22/19 11:54,591.484375,1LPS-TE108
7/22/19 12:00,597.0625,1LPS-TE108
7/22/19 12:09,622.28125,1LPS-TE108
7/22/19 12:19,639.484375,1LPS-TE108
7/22/19 12:37,653.859375,1LPS-TE108
7/22/19 12:53,658.75,1LPS-TE108
7/22/19 14:29,661.140625,1LPS-TE108
7/22/19 19:32,660.578125,1LPS-TE108
7/22/19 22:10,661.90625,1LPS-TE108
7/22/19 23:52,659.96875,1LPS-TE108
7/22/19 23:59,638.25,1LPS-TE108
7/23/19 0:04,621.1875,1LPS-TE108
7/23/19 0:13,586.359375,1LPS-TE108
7/23/19 0:17,578.375,1LPS-TE108
7/23/19 0:32,570.3125,1LPS-TE108
7/23/19 0:37,572.546875,1LPS-TE108
7/23/19 0:55,574.765625,1LPS-TE108
7/23/19 1:32,574,1LPS-TE108
7/23/19 1:59,570.8125,1LPS-TE108
7/23/19 2:11,568.515625,1LPS-TE108
7/23/19 2:15,571.484375,1LPS-TE108
7/23/19 2:35,572.4375,1LPS-TE108
7/23/19 2:50,573.046875,1LPS-TE108
7/23/19 2:57,572.109375,1LPS-TE108
7/23/19 3:04,571.453125,1LPS-TE108
7/23/19 3:26,572.71875,1LPS-TE108
7/23/19 3:48,572.75,1LPS-TE108
7/23/19 4:05,572.015625,1LPS-TE108
7/23/19 4:09,570.84375,1LPS-TE108
7/23/19 4:23,573.046875,1LPS-TE108
7/23/19 4:50,572.359375,1LPS-TE108
7/23/19 4:59,570.53125,1LPS-TE108
7/23/19 5:14,571.25,1LPS-TE108
7/23/19 5:18,573.21875,1LPS-TE108
7/23/19 6:03,574.28125,1LPS-TE108
7/23/19 6:21,571.03125,1LPS-TE108
7/23/19 6:37,573.34375,1LPS-TE108
7/23/19 7:14,571.453125,1LPS-TE108
7/23/19 7:26,572.515625,1LPS-TE108
7/23/19 7:37,574.28125,1LPS-TE108
7/23/19 7:57,574,1LPS-TE108
7/23/19 8:08,574.390625,1LPS-TE108
7/23/19 8:13,571.546875,1LPS-TE108
7/23/19 8:23,573.078125,1LPS-TE108
7/23/19 8:34,571.734375,1LPS-TE108
7/23/19 8:51,573.875,1LPS-TE108
7/23/19 9:22,572.40625,1LPS-TE108
7/23/19 10:04,573.765625,1LPS-TE108
7/23/19 10:12,572.203125,1LPS-TE108
7/23/19 10:19,572.84375,1LPS-TE108
7/23/19 10:42,571.578125,1LPS-TE108
7/23/19 10:48,570.578125,1LPS-TE108
7/23/19 11:12,572.875,1LPS-TE108
7/23/19 11:17,572.171875,1LPS-TE108
7/23/19 11:32,573.53125,1LPS-TE108
7/23/19 11:40,572.84375,1LPS-TE108
7/23/19 12:04,573.78125,1LPS-TE108
7/23/19 12:06,577.71875,1LPS-TE108
7/23/19 12:13,607.765625,1LPS-TE108
7/23/19 12:22,629.234375,1LPS-TE108
7/23/19 12:28,639.703125,1LPS-TE108
7/23/19 12:40,650.328125,1LPS-TE108
7/23/19 13:00,656.046875,1LPS-TE108
7/23/19 13:53,659.171875,1LPS-TE108
7/23/19 21:07,659.515625,1LPS-TE108
7/23/19 21:09,654.40625,1LPS-TE108
7/23/19 21:18,623.46875,1LPS-TE108
7/23/19 21:24,597.34375,1LPS-TE108
7/23/19 21:29,580.84375,1LPS-TE108
7/23/19 21:32,576.390625,1LPS-TE108
7/23/19 21:51,573.15625,1LPS-TE108
7/23/19 23:00,573.921875,1LPS-TE108
7/23/19 23:17,572.25,1LPS-TE108
7/23/19 23:28,572.46875,1LPS-TE108
7/23/19 23:39,573.1875,1LPS-TE108
7/23/19 23:43,574,1LPS-TE108
7/23/19 23:51,572.578125,1LPS-TE108
7/23/19 23:58,563.15625,1LPS-TE108
7/24/19 0:04,561.3125,1LPS-TE108
7/24/19 0:07,554.5625,1LPS-TE108
7/24/19 0:11,534.78125,1LPS-TE108
7/24/19 0:14,528.59375,1LPS-TE108
7/24/19 0:18,526.421875,1LPS-TE108
7/24/19 0:26,496.625,1LPS-TE108
7/24/19 0:32,478.1875,1LPS-TE108
7/24/19 0:36,475.2421875,1LPS-TE108
7/24/19 0:54,476.3984375,1LPS-TE108
7/24/19 0:59,480.84375,1LPS-TE108
7/24/19 1:14,477.40625,1LPS-TE108
7/24/19 1:29,474.8671875,1LPS-TE108
7/24/19 1:41,472.171875,1LPS-TE108
7/24/19 1:46,462.5390625,1LPS-TE108
7/24/19 1:50,460.5546875,1LPS-TE108
7/24/19 1:54,461.609375,1LPS-TE108
7/24/19 2:02,472.109375,1LPS-TE108
7/24/19 2:10,476.109375,1LPS-TE108
7/24/19 2:12,474.7734375,1LPS-TE108
7/24/19 2:16,465.5078125,1LPS-TE108
7/24/19 2:24,461.5859375,1LPS-TE108
7/24/19 2:34,460.3125,1LPS-TE108
7/24/19 2:44,475.8515625,1LPS-TE108
7/24/19 2:49,476.7421875,1LPS-TE108
7/24/19 2:58,466.25,1LPS-TE108
7/24/19 3:13,465.34375,1LPS-TE108
7/24/19 3:22,466.7421875,1LPS-TE108
7/24/19 3:26,469.0390625,1LPS-TE108
7/24/19 3:42,468.3359375,1LPS-TE108
7/24/19 3:58,471.2109375,1LPS-TE108
7/24/19 4:14,469.6484375,1LPS-TE108
7/24/19 4:23,468.9453125,1LPS-TE108
7/24/19 4:35,468.046875,1LPS-TE108
7/24/19 4:46,470.125,1LPS-TE108
7/24/19 4:48,469.8984375,1LPS-TE108
7/24/19 4:52,472.78125,1LPS-TE108
7/24/19 4:56,468.265625,1LPS-TE108
7/24/19 5:00,469.40625,1LPS-TE108
7/24/19 5:05,466.4765625,1LPS-TE108
7/24/19 5:20,468.6796875,1LPS-TE108
7/24/19 5:24,467.1328125,1LPS-TE108
7/24/19 5:41,469.734375,1LPS-TE108
7/24/19 6:04,471.046875,1LPS-TE108
7/24/19 6:13,473.3359375,1LPS-TE108
7/24/19 6:21,466.6328125,1LPS-TE108
7/24/19 6:25,465.515625,1LPS-TE108
7/24/19 6:38,467.0234375,1LPS-TE108
7/24/19 6:55,466.125,1LPS-TE108
7/24/19 6:58,466,1LPS-TE108
7/24/19 7:01,468.8984375,1LPS-TE108
7/24/19 7:06,495.3984375,1LPS-TE108
7/24/19 7:15,532.78125,1LPS-TE108
7/24/19 7:19,543.453125,1LPS-TE108
7/24/19 7:23,544.09375,1LPS-TE108
7/24/19 7:26,553.75,1LPS-TE108
7/24/19 7:33,594.5,1LPS-TE108
7/24/19 7:39,614.546875,1LPS-TE108
7/24/19 7:48,635.703125,1LPS-TE108
7/24/19 7:58,647.21875,1LPS-TE108
7/24/19 8:11,653.703125,1LPS-TE108
7/24/19 8:56,659.84375,1LPS-TE108
7/24/19 10:42,663.796875,1LPS-TE108
7/24/19 18:40,661.265625,1LPS-TE108
7/24/19 23:35,662.234375,1LPS-TE108
7/24/19 23:37,656.984375,1LPS-TE108
7/24/19 23:40,645.6875,1LPS-TE108
7/24/19 23:45,632.671875,1LPS-TE108
7/24/19 23:51,605.015625,1LPS-TE108
7/24/19 23:55,593.125,1LPS-TE108
7/25/19 0:00,587.078125,1LPS-TE108
7/25/19 0:12,576.34375,1LPS-TE108
7/25/19 0:24,575.796875,1LPS-TE108
7/25/19 0:39,576.453125,1LPS-TE108
7/25/19 0:42,574.8125,1LPS-TE108
7/25/19 1:06,574.59375,1LPS-TE108
7/25/19 1:28,574.21875,1LPS-TE108
7/25/19 1:42,572.796875,1LPS-TE108
7/25/19 1:46,572.625,1LPS-TE108
7/25/19 2:04,573.359375,1LPS-TE108
7/25/19 2:14,574.34375,1LPS-TE108
7/25/19 2:28,572.4375,1LPS-TE108
7/25/19 2:36,573.71875,1LPS-TE108
7/25/19 2:45,572.15625,1LPS-TE108
7/25/19 3:02,571.9375,1LPS-TE108
7/25/19 3:44,572.203125,1LPS-TE108
7/25/19 4:30,570.75,1LPS-TE108
7/25/19 4:46,572.625,1LPS-TE108
7/25/19 5:10,573.03125,1LPS-TE108
7/25/19 5:32,572.3125,1LPS-TE108
7/25/19 5:44,572.65625,1LPS-TE108
7/25/19 5:52,573.90625,1LPS-TE108
7/25/19 6:15,570.671875,1LPS-TE108
7/25/19 6:19,567.328125,1LPS-TE108
7/25/19 6:25,569.53125,1LPS-TE108
7/25/19 6:31,577.421875,1LPS-TE108
7/25/19 6:35,574.046875,1LPS-TE108
7/25/19 6:39,563.28125,1LPS-TE108
7/25/19 6:44,565.484375,1LPS-TE108
7/25/19 6:50,576.84375,1LPS-TE108
7/25/19 6:55,581.953125,1LPS-TE108
7/25/19 6:58,591.515625,1LPS-TE108
7/25/19 7:03,611.125,1LPS-TE108
7/25/19 7:09,625.59375,1LPS-TE108
7/25/19 7:16,639.125,1LPS-TE108
7/25/19 7:29,650.03125,1LPS-TE108
7/25/19 7:51,655.921875,1LPS-TE108
7/25/19 8:41,659.25,1LPS-TE108
7/25/19 11:05,661.34375,1LPS-TE108
7/25/19 14:38,659.765625,1LPS-TE108
7/25/19 17:27,657.078125,1LPS-TE108
7/25/19 23:50,659.1875,1LPS-TE108
7/25/19 23:53,652.84375,1LPS-TE108
7/26/19 0:01,627.390625,1LPS-TE108
7/26/19 0:07,602.234375,1LPS-TE108
7/26/19 0:13,581.640625,1LPS-TE108
7/26/19 0:16,576.921875,1LPS-TE108
7/26/19 0:24,571.8125,1LPS-TE108
7/26/19 0:59,572.4375,1LPS-TE108
7/26/19 1:27,571.46875,1LPS-TE108
7/26/19 1:49,570.34375,1LPS-TE108
7/26/19 1:57,571.5,1LPS-TE108
7/26/19 2:17,571.140625,1LPS-TE108
7/26/19 2:33,569.140625,1LPS-TE108
7/26/19 2:41,571.234375,1LPS-TE108
7/26/19 2:54,570.6875,1LPS-TE108
7/26/19 3:04,572.125,1LPS-TE108
7/26/19 3:13,572.859375,1LPS-TE108
7/26/19 3:44,570.625,1LPS-TE108
7/26/19 4:20,569.46875,1LPS-TE108
7/26/19 4:30,570.65625,1LPS-TE108
7/26/19 4:50,574.03125,1LPS-TE108
7/26/19 4:55,570.734375,1LPS-TE108
7/26/19 5:25,571.6875,1LPS-TE108
7/26/19 5:40,573.4375,1LPS-TE108
7/26/19 5:54,570.9375,1LPS-TE108
7/26/19 6:23,568.703125,1LPS-TE108
7/26/19 6:31,576.65625,1LPS-TE108
7/26/19 6:35,575.015625,1LPS-TE108
7/26/19 6:39,569.84375,1LPS-TE108
7/26/19 6:52,574.390625,1LPS-TE108
7/26/19 6:55,580.34375,1LPS-TE108
7/26/19 7:01,605.46875,1LPS-TE108
7/26/19 7:15,637.5,1LPS-TE108
7/26/19 7:25,651.125,1LPS-TE108
7/26/19 7:38,657.59375,1LPS-TE108
7/26/19 8:12,659.578125,1LPS-TE108
7/26/19 14:26,658.21875,1LPS-TE108
7/26/19 17:51,657.1875,1LPS-TE108
7/26/19 22:46,659.15625,1LPS-TE108
7/26/19 23:49,660.5,1LPS-TE108
7/26/19 23:52,652.671875,1LPS-TE108
7/26/19 23:55,642.125,1LPS-TE108
7/27/19 0:00,629.953125,1LPS-TE108
7/27/19 0:06,604.3125,1LPS-TE108
7/27/19 0:10,592.671875,1LPS-TE108
7/27/19 0:16,581.703125,1LPS-TE108
7/27/19 0:20,577.921875,1LPS-TE108
7/27/19 0:31,572.09375,1LPS-TE108
7/27/19 0:49,572.328125,1LPS-TE108
7/27/19 0:57,571.28125,1LPS-TE108
7/27/19 1:14,572.796875,1LPS-TE108
7/27/19 1:26,572.90625,1LPS-TE108
7/27/19 2:00,572.796875,1LPS-TE108
7/27/19 2:38,572.046875,1LPS-TE108
7/27/19 3:23,570.375,1LPS-TE108
7/27/19 3:37,573.5625,1LPS-TE108
7/27/19 3:52,571.21875,1LPS-TE108
7/27/19 4:07,572.796875,1LPS-TE108
7/27/19 4:50,571.625,1LPS-TE108
7/27/19 5:00,573.703125,1LPS-TE108
7/27/19 5:26,571.796875,1LPS-TE108
7/27/19 6:06,572.984375,1LPS-TE108
7/27/19 6:29,571.328125,1LPS-TE108
7/27/19 6:35,570.3125,1LPS-TE108
7/27/19 6:44,572.84375,1LPS-TE108
7/27/19 7:08,572.703125,1LPS-TE108
7/27/19 7:15,571.046875,1LPS-TE108
7/27/19 7:26,571.046875,1LPS-TE108
7/27/19 7:35,573.65625,1LPS-TE108
7/27/19 7:41,571.84375,1LPS-TE108
7/27/19 8:00,572.5625,1LPS-TE108
7/27/19 8:04,565.921875,1LPS-TE108
7/27/19 8:10,567.6875,1LPS-TE108
7/27/19 8:16,576.4375,1LPS-TE108
7/27/19 8:24,575.5625,1LPS-TE108
7/27/19 8:29,573.3125,1LPS-TE108
7/27/19 8:40,573.328125,1LPS-TE108
7/27/19 9:07,574.78125,1LPS-TE108
7/27/19 9:34,574.875,1LPS-TE108
7/27/19 9:49,573.03125,1LPS-TE108
7/27/19 9:58,573.640625,1LPS-TE108
7/27/19 10:03,572.78125,1LPS-TE108
7/27/19 10:09,574.484375,1LPS-TE108
7/27/19 10:27,573.34375,1LPS-TE108
7/27/19 10:59,572.859375,1LPS-TE108
7/27/19 11:23,571.5625,1LPS-TE108
7/27/19 11:31,572.28125,1LPS-TE108
7/27/19 11:43,575.125,1LPS-TE108
7/27/19 11:56,574.40625,1LPS-TE108
7/27/19 12:02,573.015625,1LPS-TE108
7/27/19 12:06,568.859375,1LPS-TE108
7/27/19 12:23,572.21875,1LPS-TE108
7/27/19 12:51,573.421875,1LPS-TE108
7/27/19 13:02,572.515625,1LPS-TE108
7/27/19 13:09,571.40625,1LPS-TE108
7/27/19 13:19,571.640625,1LPS-TE108
7/27/19 13:51,572.34375,1LPS-TE108
7/27/19 14:02,570.828125,1LPS-TE108
7/27/19 14:22,568.9375,1LPS-TE108
7/27/19 14:37,571.328125,1LPS-TE108
7/27/19 15:05,571.671875,1LPS-TE108
7/27/19 15:16,571.9375,1LPS-TE108
7/27/19 15:20,565.046875,1LPS-TE108
7/27/19 15:26,567.90625,1LPS-TE108
7/27/19 15:32,575.828125,1LPS-TE108
7/27/19 15:35,575.046875,1LPS-TE108
7/27/19 15:40,561.609375,1LPS-TE108
7/27/19 15:43,559.265625,1LPS-TE108
7/27/19 15:53,578.71875,1LPS-TE108
7/27/19 15:57,593.171875,1LPS-TE108
7/27/19 16:01,608.453125,1LPS-TE108
7/27/19 16:12,634.078125,1LPS-TE108
7/27/19 16:21,645.515625,1LPS-TE108
7/27/19 16:36,654.234375,1LPS-TE108
7/27/19 17:08,659.5,1LPS-TE108
7/27/19 18:25,661.84375,1LPS-TE108
7/27/19 23:51,664.296875,1LPS-TE108
7/27/19 23:53,660.390625,1LPS-TE108
7/27/19 23:57,643.71875,1LPS-TE108
7/28/19 0:01,629.9375,1LPS-TE108
7/28/19 0:03,618.84375,1LPS-TE108
7/28/19 0:06,597.6875,1LPS-TE108
7/28/19 0:10,563.828125,1LPS-TE108
7/28/19 0:12,551.96875,1LPS-TE108
7/28/19 0:13,549.953125,1LPS-TE108
7/28/19 0:20,553.125,1LPS-TE108
7/28/19 0:27,545.828125,1LPS-TE108
7/28/19 0:41,539.984375,1LPS-TE108
7/28/19 0:55,541.671875,1LPS-TE108
7/28/19 1:05,542.96875,1LPS-TE108
7/28/19 1:09,547.53125,1LPS-TE108
7/28/19 1:25,543.546875,1LPS-TE108
7/28/19 1:30,542.59375,1LPS-TE108
7/28/19 1:42,542.28125,1LPS-TE108
7/28/19 1:44,544.078125,1LPS-TE108
7/28/19 1:54,542.890625,1LPS-TE108
7/28/19 2:00,540.8125,1LPS-TE108
7/28/19 2:03,541.5625,1LPS-TE108
7/28/19 2:08,541.578125,1LPS-TE108
7/28/19 2:24,547.21875,1LPS-TE108
7/28/19 2:27,544.578125,1LPS-TE108
7/28/19 2:36,543.3125,1LPS-TE108
7/28/19 2:37,545.109375,1LPS-TE108
7/28/19 2:43,542.5,1LPS-TE108
7/28/19 2:44,543.921875,1LPS-TE108
7/28/19 2:48,544.625,1LPS-TE108
7/28/19 3:08,544.96875,1LPS-TE108
7/28/19 3:11,543.734375,1LPS-TE108
7/28/19 3:13,545.234375,1LPS-TE108
7/28/19 3:16,543.921875,1LPS-TE108
7/28/19 3:22,544.046875,1LPS-TE108
7/28/19 3:33,542.6875,1LPS-TE108
7/28/19 3:49,542.65625,1LPS-TE108
7/28/19 3:55,539.84375,1LPS-TE108
7/28/19 4:04,544.859375,1LPS-TE108
7/28/19 4:05,546.71875,1LPS-TE108
7/28/19 4:08,544.90625,1LPS-TE108
7/28/19 4:16,548.265625,1LPS-TE108
7/28/19 4:24,546.5,1LPS-TE108
7/28/19 4:27,547.4375,1LPS-TE108
7/28/19 4:44,548.375,1LPS-TE108
7/28/19 4:49,548.921875,1LPS-TE108
7/28/19 4:53,545.90625,1LPS-TE108
7/28/19 5:00,546.390625,1LPS-TE108
7/28/19 5:08,542.328125,1LPS-TE108
7/28/19 5:09,540.703125,1LPS-TE108
7/28/19 5:15,540.828125,1LPS-TE108
7/28/19 5:16,542.515625,1LPS-TE108
7/28/19 5:22,541.5,1LPS-TE108
7/28/19 5:25,544.078125,1LPS-TE108
7/28/19 5:30,544.890625,1LPS-TE108
7/28/19 5:31,543.09375,1LPS-TE108
7/28/19 5:39,544.0625,1LPS-TE108
7/28/19 5:44,542.625,1LPS-TE108
7/28/19 5:47,545.578125,1LPS-TE108
7/28/19 5:59,545.125,1LPS-TE108
7/28/19 6:07,548.78125,1LPS-TE108
7/28/19 6:12,548.125,1LPS-TE108
7/28/19 6:22,545.421875,1LPS-TE108
7/28/19 6:23,544.015625,1LPS-TE108
7/28/19 6:26,548.125,1LPS-TE108
7/28/19 6:30,546.984375,1LPS-TE108
7/28/19 6:31,545.578125,1LPS-TE108
7/28/19 6:37,546.140625,1LPS-TE108
7/28/19 6:42,545.546875,1LPS-TE108
7/28/19 6:46,547.40625,1LPS-TE108
7/28/19 6:53,544.96875,1LPS-TE108
7/28/19 7:04,544.75,1LPS-TE108
7/28/19 7:05,543.3125,1LPS-TE108
7/28/19 7:18,544.515625,1LPS-TE108
7/28/19 7:28,546.21875,1LPS-TE108
7/28/19 7:32,546.890625,1LPS-TE108
7/28/19 7:37,546.296875,1LPS-TE108
7/28/19 7:45,551.46875,1LPS-TE108
7/28/19 7:53,547.921875,1LPS-TE108
7/28/19 8:02,548.359375,1LPS-TE108
7/28/19 8:08,547.90625,1LPS-TE108
7/28/19 8:15,550.140625,1LPS-TE108
7/28/19 8:19,542.9375,1LPS-TE108
7/28/19 8:24,547.28125,1LPS-TE108
7/28/19 8:30,564.1875,1LPS-TE108
7/28/19 8:31,565.296875,1LPS-TE108
7/28/19 8:35,559.265625,1LPS-TE108
7/28/19 8:40,536.40625,1LPS-TE108
7/28/19 8:42,533.984375,1LPS-TE108
7/28/19 8:45,540.15625,1LPS-TE108
7/28/19 8:50,558.671875,1LPS-TE108
7/28/19 8:54,564.9375,1LPS-TE108
7/28/19 8:56,566.296875,1LPS-TE108
7/28/19 8:59,581.703125,1LPS-TE108
7/28/19 9:02,598.234375,1LPS-TE108
7/28/19 9:10,624.21875,1LPS-TE108
7/28/19 9:17,639.03125,1LPS-TE108
7/28/19 9:31,652.984375,1LPS-TE108
7/28/19 9:52,660.171875,1LPS-TE108
7/28/19 10:43,662.40625,1LPS-TE108
7/28/19 18:40,660.28125,1LPS-TE108
7/28/19 23:45,662.703125,1LPS-TE108
7/28/19 23:52,662.140625,1LPS-TE108
7/28/19 23:55,652.296875,1LPS-TE108
7/29/19 0:03,623.984375,1LPS-TE108
7/29/19 0:12,584.953125,1LPS-TE108
7/29/19 0:16,576.4375,1LPS-TE108
7/29/19 0:27,576.140625,1LPS-TE108
7/29/19 0:32,572.15625,1LPS-TE108
7/29/19 0:40,575.90625,1LPS-TE108
7/29/19 1:01,574.640625,1LPS-TE108
7/29/19 1:13,573.03125,1LPS-TE108
7/29/19 1:40,574.3125,1LPS-TE108
7/29/19 2:04,573.484375,1LPS-TE108
7/29/19 2:19,574.71875,1LPS-TE108
7/29/19 2:29,573.6875,1LPS-TE108
7/29/19 2:53,574.90625,1LPS-TE108
7/29/19 3:08,574.015625,1LPS-TE108
7/29/19 3:36,573.5,1LPS-TE108
7/29/19 4:02,573.4375,1LPS-TE108
7/29/19 4:38,572.890625,1LPS-TE108
7/29/19 5:05,575.140625,1LPS-TE108
7/29/19 5:20,574.265625,1LPS-TE108
7/29/19 5:38,572.5,1LPS-TE108
7/29/19 5:44,572.546875,1LPS-TE108
7/29/19 6:41,573.015625,1LPS-TE108
7/29/19 7:03,572.46875,1LPS-TE108
7/29/19 7:14,571.171875,1LPS-TE108
7/29/19 7:24,573.71875,1LPS-TE108
7/29/19 8:16,575.59375,1LPS-TE108
7/29/19 8:18,573.390625,1LPS-TE108
7/29/19 8:21,567.53125,1LPS-TE108
7/29/19 8:26,567.5625,1LPS-TE108
7/29/19 8:33,577.21875,1LPS-TE108
7/29/19 8:37,577.171875,1LPS-TE108
7/29/19 8:41,571.59375,1LPS-TE108
7/29/19 8:49,574.203125,1LPS-TE108
7/29/19 8:52,581.703125,1LPS-TE108
7/29/19 8:58,606.328125,1LPS-TE108
7/29/19 9:04,621.921875,1LPS-TE108
7/29/19 9:12,637.84375,1LPS-TE108
7/29/19 9:25,648.390625,1LPS-TE108
7/29/19 9:47,653.890625,1LPS-TE108
7/29/19 12:18,660.796875,1LPS-TE108
7/29/19 19:39,660.828125,1LPS-TE108
7/29/19 23:00,662.578125,1LPS-TE108
7/29/19 23:55,662.375,1LPS-TE108
7/29/19 23:57,658.203125,1LPS-TE108
7/30/19 0:00,645.90625,1LPS-TE108
7/30/19 0:06,624.703125,1LPS-TE108
7/30/19 0:13,594.75,1LPS-TE108
7/30/19 0:17,582.3125,1LPS-TE108
7/30/19 0:20,577.84375,1LPS-TE108
7/30/19 0:53,577.09375,1LPS-TE108
7/30/19 1:17,575.59375,1LPS-TE108
7/30/19 1:33,575.59375,1LPS-TE108
7/30/19 1:40,576.703125,1LPS-TE108
7/30/19 2:01,575.546875,1LPS-TE108
7/30/19 2:26,574.421875,1LPS-TE108
7/30/19 2:46,575.109375,1LPS-TE108
7/30/19 3:34,575.921875,1LPS-TE108
7/30/19 4:02,574.265625,1LPS-TE108
7/30/19 4:05,569.875,1LPS-TE108
7/30/19 4:08,571.21875,1LPS-TE108
7/30/19 4:13,578.3125,1LPS-TE108
7/30/19 4:20,576.9375,1LPS-TE108
7/30/19 4:25,575.015625,1LPS-TE108
7/30/19 5:01,574.875,1LPS-TE108
7/30/19 5:07,577.125,1LPS-TE108
7/30/19 5:52,573.578125,1LPS-TE108
7/30/19 5:57,569.390625,1LPS-TE108
7/30/19 5:59,561.9375,1LPS-TE108
7/30/19 6:05,554.90625,1LPS-TE108
7/30/19 6:08,557.109375,1LPS-TE108
7/30/19 6:10,554.5625,1LPS-TE108
7/30/19 6:12,545.828125,1LPS-TE108
7/30/19 6:17,533.625,1LPS-TE108
7/30/19 6:21,529.265625,1LPS-TE108
7/30/19 6:23,526.171875,1LPS-TE108
7/30/19 6:29,505.78125,1LPS-TE108
7/30/19 6:36,488.25,1LPS-TE108
7/30/19 6:50,476.765625,1LPS-TE108
7/30/19 6:58,472.0546875,1LPS-TE108
7/30/19 7:08,470.84375,1LPS-TE108
7/30/19 7:10,472.96875,1LPS-TE108
7/30/19 7:24,472.59375,1LPS-TE108
7/30/19 7:33,472.671875,1LPS-TE108
7/30/19 7:59,470.40625,1LPS-TE108
7/30/19 8:03,468.8046875,1LPS-TE108
7/30/19 8:05,470.890625,1LPS-TE108
7/30/19 8:19,469.0546875,1LPS-TE108
7/30/19 8:46,471.3984375,1LPS-TE108
7/30/19 8:49,481.1953125,1LPS-TE108
7/30/19 8:55,505.21875,1LPS-TE108
7/30/19 8:57,508.6953125,1LPS-TE108
7/30/19 8:59,502.0078125,1LPS-TE108
7/30/19 9:00,500.734375,1LPS-TE108
7/30/19 9:02,506.125,1LPS-TE108
7/30/19 9:07,531.5625,1LPS-TE108
7/30/19 9:10,537.953125,1LPS-TE108
7/30/19 9:11,537.1875,1LPS-TE108
7/30/19 9:13,530.3125,1LPS-TE108
7/30/19 9:16,532.1875,1LPS-TE108
7/30/19 9:22,544.6875,1LPS-TE108
7/30/19 9:28,543.75,1LPS-TE108
7/30/19 9:32,538.203125,1LPS-TE108
7/30/19 9:36,540.671875,1LPS-TE108
7/30/19 9:40,544.203125,1LPS-TE108
7/30/19 9:50,543.4375,1LPS-TE108
7/30/19 9:56,544.703125,1LPS-TE108
7/30/19 10:00,541.53125,1LPS-TE108
7/30/19 10:07,549.921875,1LPS-TE108
7/30/19 10:13,561.265625,1LPS-TE108
7/30/19 10:23,563.703125,1LPS-TE108
7/30/19 10:37,572.875,1LPS-TE108
7/30/19 10:47,573.609375,1LPS-TE108
7/30/19 11:03,573.328125,1LPS-TE108
7/30/19 11:21,573.515625,1LPS-TE108
7/30/19 11:40,573.546875,1LPS-TE108
7/30/19 11:52,573.84375,1LPS-TE108
7/30/19 11:56,583.484375,1LPS-TE108
7/30/19 12:03,610.5,1LPS-TE108
7/30/19 12:14,634.515625,1LPS-TE108
7/30/19 12:25,645.109375,1LPS-TE108
7/30/19 12:41,650.84375,1LPS-TE108
7/30/19 14:15,657.65625,1LPS-TE108
7/30/19 16:12,661.109375,1LPS-TE108
7/30/19 20:39,661.734375,1LPS-TE108
7/30/19 23:54,662.546875,1LPS-TE108
7/30/19 23:57,653.609375,1LPS-TE108
7/31/19 0:05,628.46875,1LPS-TE108
7/31/19 0:13,596.609375,1LPS-TE108
7/31/19 0:18,582.703125,1LPS-TE108
7/31/19 0:23,578.390625,1LPS-TE108
7/31/19 0:39,573.65625,1LPS-TE108
7/31/19 1:05,574.53125,1LPS-TE108
7/31/19 1:19,571.96875,1LPS-TE108
7/31/19 1:35,573.71875,1LPS-TE108
7/31/19 2:10,572.828125,1LPS-TE108
7/31/19 2:47,573.625,1LPS-TE108
7/31/19 3:01,572.828125,1LPS-TE108
7/31/19 3:26,574.015625,1LPS-TE108
7/31/19 3:49,572.171875,1LPS-TE108
7/31/19 4:20,575.484375,1LPS-TE108
7/31/19 4:46,574.46875,1LPS-TE108
7/31/19 5:37,575.3125,1LPS-TE108
7/31/19 5:59,574.203125,1LPS-TE108
7/31/19 6:09,574.1875,1LPS-TE108
7/31/19 6:33,574.1875,1LPS-TE108
7/31/19 6:56,573.75,1LPS-TE108
7/31/19 7:06,572.34375,1LPS-TE108
7/31/19 7:17,574.484375,1LPS-TE108
7/31/19 7:22,570.765625,1LPS-TE108
7/31/19 7:32,578.234375,1LPS-TE108
7/31/19 7:36,578.265625,1LPS-TE108
7/31/19 7:39,572.609375,1LPS-TE108
7/31/19 7:42,563.46875,1LPS-TE108
7/31/19 7:45,565.0625,1LPS-TE108
7/31/19 7:53,578.46875,1LPS-TE108
7/31/19 7:56,583.3125,1LPS-TE108
7/31/19 8:03,610.390625,1LPS-TE108
7/31/19 8:08,622.796875,1LPS-TE108
7/31/19 8:17,639.78125,1LPS-TE108
7/31/19 8:31,650.046875,1LPS-TE108
7/31/19 9:08,656.359375,1LPS-TE108
7/31/19 11:53,662.28125,1LPS-TE108
7/31/19 18:07,659.6875,1LPS-TE108
7/31/19 23:50,662.53125,1LPS-TE108
7/31/19 23:54,661.953125,1LPS-TE108
7/31/19 23:56,655.25,1LPS-TE108
7/31/19 23:58,646.015625,1LPS-TE108
8/1/19 0:04,624.078125,1LPS-TE108
8/1/19 0:14,579.734375,1LPS-TE108
8/1/19 0:17,573.9375,1LPS-TE108
8/1/19 0:24,576.53125,1LPS-TE108
8/1/19 0:37,572.828125,1LPS-TE108
8/1/19 0:54,575.359375,1LPS-TE108
8/1/19 1:35,572.59375,1LPS-TE108
8/1/19 2:01,572.703125,1LPS-TE108
8/1/19 2:32,572.453125,1LPS-TE108
8/1/19 2:59,572.953125,1LPS-TE108
8/1/19 3:36,573.15625,1LPS-TE108
8/1/19 4:24,573.953125,1LPS-TE108
8/1/19 4:34,576.203125,1LPS-TE108
8/1/19 4:56,572.8125,1LPS-TE108
8/1/19 5:11,571.078125,1LPS-TE108
8/1/19 5:31,573.96875,1LPS-TE108
8/1/19 5:37,573.125,1LPS-TE108
8/1/19 5:58,574.1875,1LPS-TE108
8/1/19 6:13,573.046875,1LPS-TE108
8/1/19 6:39,574.703125,1LPS-TE108
8/1/19 6:54,572.34375,1LPS-TE108
8/1/19 7:04,571.140625,1LPS-TE108
8/1/19 7:11,570.21875,1LPS-TE108
8/1/19 7:16,571.734375,1LPS-TE108
8/1/19 7:21,566.140625,1LPS-TE108
8/1/19 7:26,569.671875,1LPS-TE108
8/1/19 7:31,577.09375,1LPS-TE108
8/1/19 7:36,576.609375,1LPS-TE108
8/1/19 7:41,564.296875,1LPS-TE108
8/1/19 7:44,563.734375,1LPS-TE108
8/1/19 7:51,575.828125,1LPS-TE108
8/1/19 7:54,579.453125,1LPS-TE108
8/1/19 7:57,588.765625,1LPS-TE108
8/1/19 8:02,609.21875,1LPS-TE108
8/1/19 8:07,622.109375,1LPS-TE108
8/1/19 8:16,639.453125,1LPS-TE108
8/1/19 8:30,650.015625,1LPS-TE108
8/1/19 9:01,655.921875,1LPS-TE108
8/1/19 10:57,659.578125,1LPS-TE108
8/1/19 15:08,660.0625,1LPS-TE108
8/1/19 20:02,659.859375,1LPS-TE108
8/2/19 0:04,662.21875,1LPS-TE108
8/2/19 0:06,658.71875,1LPS-TE108
8/2/19 0:10,644.765625,1LPS-TE108
8/2/19 0:14,634.046875,1LPS-TE108
8/2/19 0:20,608.140625,1LPS-TE108
8/2/19 0:27,584.5,1LPS-TE108
8/2/19 0:33,577.671875,1LPS-TE108
8/2/19 0:42,573.46875,1LPS-TE108
8/2/19 1:12,573.15625,1LPS-TE108
8/2/19 1:35,571.796875,1LPS-TE108
8/2/19 2:07,572.28125,1LPS-TE108
8/2/19 2:26,572.40625,1LPS-TE108
8/2/19 2:58,571.9375,1LPS-TE108
8/2/19 3:11,572.546875,1LPS-TE108
8/2/19 3:14,569.96875,1LPS-TE108
8/2/19 3:28,570.546875,1LPS-TE108
8/2/19 4:21,570.53125,1LPS-TE108
8/2/19 4:36,571.296875,1LPS-TE108
8/2/19 4:55,572.5625,1LPS-TE108
8/2/19 5:09,571.625,1LPS-TE108
8/2/19 5:24,570.640625,1LPS-TE108
8/2/19 6:34,572.703125,1LPS-TE108
8/2/19 6:42,571.03125,1LPS-TE108
8/2/19 6:53,573.359375,1LPS-TE108
8/2/19 6:56,571.390625,1LPS-TE108
8/2/19 7:18,571.515625,1LPS-TE108
8/2/19 7:52,572.375,1LPS-TE108
8/2/19 8:21,573.6875,1LPS-TE108
8/2/19 8:49,571.75,1LPS-TE108
8/2/19 9:07,571.5,1LPS-TE108
8/2/19 9:15,574.109375,1LPS-TE108
8/2/19 9:49,572.6875,1LPS-TE108
8/2/19 10:02,571.640625,1LPS-TE108
8/2/19 10:33,571.75,1LPS-TE108
8/2/19 10:46,573.078125,1LPS-TE108
8/2/19 11:16,570.421875,1LPS-TE108
8/2/19 11:18,566.734375,1LPS-TE108
8/2/19 11:26,567.0625,1LPS-TE108
8/2/19 11:33,575.015625,1LPS-TE108
8/2/19 11:37,573.453125,1LPS-TE108
8/2/19 11:43,565.515625,1LPS-TE108
8/2/19 11:47,567.765625,1LPS-TE108
8/2/19 11:54,577.375,1LPS-TE108
8/2/19 11:58,591.1875,1LPS-TE108
8/2/19 12:03,609.640625,1LPS-TE108
8/2/19 12:15,634.6875,1LPS-TE108
8/2/19 12:24,644.625,1LPS-TE108
8/2/19 12:43,653.171875,1LPS-TE108
8/2/19 13:11,656.046875,1LPS-TE108
8/2/19 14:21,659.671875,1LPS-TE108
8/2/19 16:18,660.546875,1LPS-TE108
8/2/19 23:55,661.953125,1LPS-TE108
8/2/19 23:57,656.484375,1LPS-TE108
8/3/19 0:00,643.78125,1LPS-TE108
8/3/19 0:06,622.171875,1LPS-TE108
8/3/19 0:13,591.0625,1LPS-TE108
8/3/19 0:16,578.53125,1LPS-TE108
8/3/19 0:18,574.78125,1LPS-TE108
8/3/19 0:27,577.359375,1LPS-TE108
8/3/19 0:31,574.15625,1LPS-TE108
8/3/19 0:53,575.78125,1LPS-TE108
8/3/19 0:54,574.359375,1LPS-TE108
8/3/19 1:32,573.34375,1LPS-TE108
8/3/19 2:08,573.671875,1LPS-TE108
8/3/19 2:38,573.015625,1LPS-TE108
8/3/19 3:28,573.015625,1LPS-TE108
8/3/19 4:04,572.8125,1LPS-TE108
8/3/19 4:08,572.25,1LPS-TE108
8/3/19 4:30,574.359375,1LPS-TE108
8/3/19 4:57,573.359375,1LPS-TE108
8/3/19 5:19,572.328125,1LPS-TE108
8/3/19 5:27,572.9375,1LPS-TE108
8/3/19 5:42,572.296875,1LPS-TE108
8/3/19 5:57,574.578125,1LPS-TE108
8/3/19 6:02,571.671875,1LPS-TE108
8/3/19 6:38,574.453125,1LPS-TE108
8/3/19 6:49,574.015625,1LPS-TE108
8/3/19 6:54,572.984375,1LPS-TE108
8/3/19 7:06,575.015625,1LPS-TE108
8/3/19 7:29,574.328125,1LPS-TE108
8/3/19 7:44,576.203125,1LPS-TE108
8/3/19 7:52,575.6875,1LPS-TE108
8/3/19 7:55,583.6875,1LPS-TE108
8/3/19 8:01,609.53125,1LPS-TE108
8/3/19 8:10,630.90625,1LPS-TE108
8/3/19 8:16,641.53125,1LPS-TE108
8/3/19 8:27,650.921875,1LPS-TE108
8/3/19 8:48,657.109375,1LPS-TE108
8/3/19 10:19,661.96875,1LPS-TE108
8/3/19 12:33,660.09375,1LPS-TE108
8/3/19 17:54,657.234375,1LPS-TE108
8/4/19 1:54,660.984375,1LPS-TE108
8/4/19 7:21,662.828125,1LPS-TE108
8/4/19 9:42,662.125,1LPS-TE108
8/4/19 17:36,658.015625,1LPS-TE108
8/5/19 1:33,662.15625,1LPS-TE108
8/5/19 9:26,662.0625,1LPS-TE108
8/5/19 15:39,659.234375,1LPS-TE108
8/5/19 20:18,660.671875,1LPS-TE108
8/5/19 23:38,660.890625,1LPS-TE108
8/5/19 23:41,653.65625,1LPS-TE108
8/5/19 23:49,625.265625,1LPS-TE108
8/5/19 23:54,605.09375,1LPS-TE108
8/5/19 23:59,588.265625,1LPS-TE108
8/6/19 0:03,580.390625,1LPS-TE108
8/6/19 0:13,573.09375,1LPS-TE108
8/6/19 0:29,573.4375,1LPS-TE108
8/6/19 0:36,577.015625,1LPS-TE108
8/6/19 1:02,574.984375,1LPS-TE108
8/6/19 1:34,574.15625,1LPS-TE108
8/6/19 1:53,573.96875,1LPS-TE108
8/6/19 2:47,574.390625,1LPS-TE108
8/6/19 3:04,575.09375,1LPS-TE108
8/6/19 3:25,574,1LPS-TE108
8/6/19 3:37,573.9375,1LPS-TE108
8/6/19 3:53,572.9375,1LPS-TE108
8/6/19 4:01,574.40625,1LPS-TE108
8/6/19 4:15,573.4375,1LPS-TE108
8/6/19 4:22,574.9375,1LPS-TE108
8/6/19 4:36,574.359375,1LPS-TE108
8/6/19 5:29,573.90625,1LPS-TE108
8/6/19 6:15,574.375,1LPS-TE108
8/6/19 6:20,568.078125,1LPS-TE108
8/6/19 6:25,570.5625,1LPS-TE108
8/6/19 6:30,577.65625,1LPS-TE108
8/6/19 6:35,574.9375,1LPS-TE108
8/6/19 6:37,571.421875,1LPS-TE108
8/6/19 6:39,564.671875,1LPS-TE108
8/6/19 6:43,563.203125,1LPS-TE108
8/6/19 6:48,569.984375,1LPS-TE108
8/6/19 6:54,586.390625,1LPS-TE108
8/6/19 6:59,606.84375,1LPS-TE108
8/6/19 7:10,632.484375,1LPS-TE108
8/6/19 7:19,645.203125,1LPS-TE108
8/6/19 7:32,653.734375,1LPS-TE108
8/6/19 7:54,658.5625,1LPS-TE108
8/6/19 10:13,660.78125,1LPS-TE108
8/6/19 18:09,657.28125,1LPS-TE108
8/7/19 2:00,659.734375,1LPS-TE108
8/7/19 9:53,659.671875,1LPS-TE108
8/7/19 17:46,657.28125,1LPS-TE108
8/8/19 0:07,660.875,1LPS-TE108
8/8/19 3:21,659,1LPS-TE108
8/8/19 10:57,659.21875,1LPS-TE108
8/8/19 18:54,658.625,1LPS-TE108
8/9/19 2:49,659.5625,1LPS-TE108
8/9/19 10:13,659.640625,1LPS-TE108
8/9/19 18:04,657.265625,1LPS-TE108
8/10/19 2:03,659.734375,1LPS-TE108
8/10/19 6:16,660.625,1LPS-TE108
8/10/19 10:07,661.0625,1LPS-TE108
8/10/19 16:20,658.859375,1LPS-TE108
8/10/19 21:01,660.4375,1LPS-TE108
8/11/19 4:57,662.890625,1LPS-TE108
8/11/19 8:37,662.484375,1LPS-TE108
8/11/19 16:34,661.15625,1LPS-TE108
8/12/19 0:31,663.046875,1LPS-TE108
8/12/19 8:26,663.5625,1LPS-TE108
8/12/19 10:32,661.75,1LPS-TE108
8/12/19 14:26,660.484375,1LPS-TE108
8/12/19 18:28,658.171875,1LPS-TE108
8/13/19 2:27,661.59375,1LPS-TE108
8/13/19 7:44,662.203125,1LPS-TE108
8/13/19 14:28,658.46875,1LPS-TE108
8/13/19 20:09,658.421875,1LPS-TE108
8/14/19 4:00,661.015625,1LPS-TE108
8/14/19 8:26,661.25,1LPS-TE108
8/14/19 15:47,659,1LPS-TE108
8/14/19 20:14,659.671875,1LPS-TE108
8/15/19 0:35,662.515625,1LPS-TE108
8/15/19 6:21,663.734375,1LPS-TE108
8/15/19 11:51,660.78125,1LPS-TE108
8/15/19 12:03,0,1LPS-TE108
8/15/19 12:03,660.640625,1LPS-TE108
8/15/19 19:11,658.765625,1LPS-TE108
8/16/19 3:01,660.8125,1LPS-TE108
8/16/19 6:26,663.15625,1LPS-TE108
8/16/19 11:00,661.5,1LPS-TE108
8/16/19 18:54,660.046875,1LPS-TE108
8/17/19 1:11,660.671875,1LPS-TE108
8/17/19 9:10,661.34375,1LPS-TE108
8/17/19 11:49,660.765625,1LPS-TE108
8/17/19 15:42,661.03125,1LPS-TE108
8/17/19 23:40,661.21875,1LPS-TE108
8/18/19 7:30,661.640625,1LPS-TE108
8/18/19 15:29,659.515625,1LPS-TE108
8/18/19 21:27,660.78125,1LPS-TE108
8/19/19 5:20,662.078125,1LPS-TE108
8/19/19 10:23,661.5,1LPS-TE108
8/19/19 18:17,659.515625,1LPS-TE108